Name,Prices,Ratings,Links,ASIN,Manufacturer,Descriptions,Product Descriptions
Wesley Milestone 2.0 Casual Waterproof Laptop Backpack/Office Bag/School Bag/College Bag/Business Bag/Travel Backpack (Dimensions:13x18 inches) (Compatible with 39.62cm(15.6inch laptop) 30 L (Blue & black),598,,https://www.amazon.in/Wesley-Milestone-Waterproof-Backpack-Business/dp/B084JGJ8PF/ref=sr_1_1?crid=2M096C61O4MLT&keywords=bags&qid=1685159745&sprefix=ba%2Caps%2C283&sr=8-1,B08Z1HHHTD,VIP Industries Ltd,Computers & Accessories,
American Tourister 32 Ltrs Black Casual Backpack (AMT FIZZ SCH BAG 02 - BLACK),"1,199",,https://www.amazon.in/American-Tourister-AMT-SCH-02/dp/B07CJCGM1M/ref=sr_1_2?crid=2M096C61O4MLT&keywords=bags&qid=1685159745&sprefix=ba%2Caps%2C283&sr=8-2,B0BTD4S4XF,EXPERTS,"Bags, Wallets and Luggage",
Skybags Brat Black 46 Cms Casual Backpack,669,4.1,https://www.amazon.in/Skybags-Brat-Black-Casual-Backpack/dp/B08Z1HHHTD/ref=sr_1_3?crid=2M096C61O4MLT&keywords=bags&qid=1685159745&sprefix=ba%2Caps%2C283&sr=8-3,B09VTDMRY7,FUR JADEN,"Bags, Wallets and Luggage",
"American Tourister VALEX BLACK LAPTOP BACKPACK 28 Ltrs,Volume, LAPTOP COMPARTMENT, BOTTLE POCKET, FRONT ORGANIZER","1,299",,https://www.amazon.in/American-Tourister-BACKPACK-COMPARTMENT-ORGANIZER/dp/B0BTD4S4XF/ref=sr_1_4?crid=2M096C61O4MLT&keywords=bags&qid=1685159745&sprefix=ba%2Caps%2C283&sr=8-4,B09TPX22NF,ADISA,Computers & Accessories,
"FUR JADEN Anti Theft Number Lock Backpack Bag with 15.6 Inch Laptop Compartment, USB Charging Port & Organizer Pocket for Men Women Boys Girls",699,,https://www.amazon.in/Number-Backpack-Compartment-Charging-Organizer/dp/B09VTDMRY7/ref=sr_1_5?crid=2M096C61O4MLT&keywords=bags&qid=1685159745&sprefix=ba%2Caps%2C283&sr=8-5,B085MHDJ93,Amazing Bags,Computers & Accessories,
ADISA 15.6 inch Laptop Backpack Office Bag College Travel Back Pack 32 Ltrs (z-Navy Blue),499,,https://www.amazon.in/ADISA-Laptop-Backpack-Office-College/dp/B09TPX22NF/ref=sr_1_6?crid=2M096C61O4MLT&keywords=bags&qid=1685159745&sprefix=ba%2Caps%2C283&sr=8-6,B0BTD4FK9G,EXPERTS,Computers & Accessories,DESCRIPTION
"Half Moon 35L Water Resistant 15.6 inch Laptop Bag for Men/Backpack for Men, Navy Blue | Office Bag for Men/Office Bag for Women with Padded Laptop Compartment | Rain Cover & Reflective Strips",529,,https://www.amazon.in/Half-Moon-Waterproof-Backpack-Students/dp/B085MHDJ93/ref=sr_1_7?crid=2M096C61O4MLT&keywords=bags&qid=1685159745&sprefix=ba%2Caps%2C283&sr=8-7,B09VTCNN75,FUR JADEN,Computers & Accessories,
"American Tourister VALEX BLUE LAPTOP BACKPACK 28 Ltrs,Volume, LAPTOP COMPARTMENT, BOTTLE POCKET, FRONT ORGANIZER","1,299",,https://www.amazon.in/American-Tourister-BACKPACK-COMPARTMENT-ORGANIZER/dp/B0BTD4FK9G/ref=sr_1_8?crid=2M096C61O4MLT&keywords=bags&qid=1685159745&sprefix=ba%2Caps%2C283&sr=8-8,B07M9BRCQ5,Fur Jaden,Computers & Accessories,
"FUR JADEN Anti Theft Number Lock Backpack Bag with 15.6 Inch Laptop Compartment, USB Charging Port & Organizer Pocket for Men Women Boys Girls",699,4.0,https://www.amazon.in/Number-Backpack-Compartment-Charging-Organizer/dp/B09VTCNN75/ref=sr_1_9?crid=2M096C61O4MLT&keywords=bags&qid=1685159745&sprefix=ba%2Caps%2C283&sr=8-9,B07Q7CNPMV,Safari Industries (India) Ltd,Computers & Accessories,
Fur Jaden Brown Textured Leatherette Stylish & Spacious Weekender Duffle Bag for Travel,899,,https://www.amazon.in/FUR-JADEN-Leatherette-Polypropylene-DUFF05/dp/B07M9BRCQ5/ref=sr_1_10?crid=2M096C61O4MLT&keywords=bags&qid=1685159745&sprefix=ba%2Caps%2C283&sr=8-10,B09QJ7ZF2Y,,Fashion,
SAFARI 15 Ltrs Sea Blue Casual/School/College Backpack (DAYPACKNEO15CBSEB),248,,https://www.amazon.in/SAFARI-Ltrs-Casual-Backpack-DAYPACKNEO15CBSEB/dp/B07Q7CNPMV/ref=sr_1_11?crid=2M096C61O4MLT&keywords=bags&qid=1685159745&sprefix=ba%2Caps%2C283&sr=8-11,B08YZ8FFBZ,"Akshaya Rubbers, Hebbal Industrial Area, Mysore","Bags, Wallets and Luggage",
"TRUE HUMAN Emperor Anti-Theft backpack With USB charging Port Laptop Bag, Office bag, college bag and anti -theft back pocket (Black)",599,3.8,https://www.amazon.in/TRUE-HUMAN-Anti-Theft-backpack-charging/dp/B09QJ7ZF2Y/ref=sr_1_12?crid=2M096C61O4MLT&keywords=bags&qid=1685159745&sprefix=ba%2Caps%2C283&sr=8-12,B07BZ5VC4H,Safari Industries (India) Ltd,Computers & Accessories,"The bag is aesthetically designed and hand crafted by experts to ensure consistent superior quality and high value for customers . To meet your day to day need, The Laptop Backpack is a lightweight, multi-utility bag ."
Lunar's Bingo - 48 L Laptop Office/School/Travel/Business Backpack Water Resistant - Fits Up to 15.6 Inch Laptop Notebook with 1 Year Warranty,899,3.9,https://www.amazon.in/Lunars-Bingo-Laptop-Resistant-48L/dp/B08YZ8FFBZ/ref=sr_1_13?crid=2M096C61O4MLT&keywords=bags&qid=1685159745&sprefix=ba%2Caps%2C283&sr=8-13,B098QFF5TJ,Wesley,Computers & Accessories,
Safari Seek 45 Ltrs Overnighter Expandable Travel Laptop Backpack,"1,999",,https://www.amazon.in/Safari-45L-21-OB-BLK/dp/B07BZ5VC4H/ref=sr_1_14?crid=2M096C61O4MLT&keywords=bags&qid=1685159745&sprefix=ba%2Caps%2C283&sr=8-14,B07YDGQQN5,Fur Jaden,Computers & Accessories,
Wesley Spartan Unisex Travel Hiking Laptop Bag fits Upto 17.3 inch with Raincover and Internal Organiser Backpack Rucksack College Bag,698,4.1,https://www.amazon.in/Wesley-Spartan-Hiking-Raincover-Organiser/dp/B098QFF5TJ/ref=sr_1_15?crid=2M096C61O4MLT&keywords=bags&qid=1685159745&sprefix=ba%2Caps%2C283&sr=8-15,B0BPVLXD53,ADISA,Computers & Accessories,
Gear Aspire 30L Water Restant Office Laptop Bag/Backpack for Men/Women/(Black),"1,099",,https://www.amazon.in/Gear-Black-Laptop-Backpack-LBPASPIRE0104/dp/B075MK4TXP/ref=sr_1_16?crid=2M096C61O4MLT&keywords=bags&qid=1685159745&sprefix=ba%2Caps%2C283&sr=8-16,B097JHQH13,Safari,Computers & Accessories,
"Fur Jaden 55 LTR Rucksack Travel Backpack Bag for Trekking, Hiking with Shoe Compartment",849,4.3,https://www.amazon.in/Rucksack-Travel-Backpack-Trekking-Compartment/dp/B07YDGQQN5/ref=sr_1_17?crid=2M096C61O4MLT&keywords=bags&qid=1685159913&sprefix=ba%2Caps%2C283&sr=8-17,B019HA8AYG,Gear Merchandise PVT LTD,"Bags, Wallets and Luggage",
ADISA 32L Large Laptop Backpack Office Bag College Travel Back Pack with rain Cover (Grey),599,,https://www.amazon.in/ADISA-Laptop-Backpack-Office-College/dp/B0BPVLXD53/ref=sr_1_18?crid=2M096C61O4MLT&keywords=bags&qid=1685159913&sprefix=ba%2Caps%2C283&sr=8-18,B07G4F6XFH,Gear Merchandise PVT LTD,Computers & Accessories,
"Genie Glitter Backpack for Women - 3 compartments, Laptop Bags for Girls, Stylish and Trendy College Backpacks for Girls, Water Resistant and Lightweight Bags for Office and Travelling Purpose.","1,199",,https://www.amazon.in/Genie-Glitter-Backpack-Women-compartments/dp/B097JHQH13/ref=sr_1_19?crid=2M096C61O4MLT&keywords=bags&qid=1685159913&sprefix=ba%2Caps%2C283&sr=8-19,B09B26VHXV,Safari Industries,Computers & Accessories,
"Lenovo 15.6"" (39.62cm) Slim Everyday Backpack, Made in India, Compact, Water-resistant, Organized storage:Laptop sleeve,tablet pocket,front workstation,2-side pockets,Padded adjustable shoulder straps",649,,https://www.amazon.in/Lenovo-15-6-Inches-Everyday-Backpack/dp/B08R7RPVJF/ref=sr_1_20?crid=2M096C61O4MLT&keywords=bags&qid=1685159913&sprefix=ba%2Caps%2C283&sr=8-20,B097RJ22Q3,Bagzone Lifestyle Pvt Ltd,Computers & Accessories,
Gear CarryOn 16L Foldable Water Resistant School Bag//Backpack/College Bag for Men/Women - Blue Black,189,3.7,https://www.amazon.in/GEAR-Black-Blue-Backpack-years/dp/B019HA8AYG/ref=sr_1_21?crid=2M096C61O4MLT&keywords=bags&qid=1685159913&sprefix=ba%2Caps%2C283&sr=8-21,B09VCLZ3K4,Amazing Bags,"Bags, Wallets and Luggage",
"Wesley Milestone 2.0 Casual Waterproof Laptop Backpack/Office Bag/School Bag/College Bag/Business Bag/Travel Backpack (Dimensions:13x18 inches) (Compatible with 39.62cm(15.6inch laptop) 30 L, Charcoal black",598,,https://www.amazon.in/Wesley-Milestone-Waterproof-Backpack-Business/dp/B085S444JV/ref=sr_1_22?crid=2M096C61O4MLT&keywords=bags&qid=1685159913&sprefix=ba%2Caps%2C283&sr=8-22,B081GSQ9D9,POLESTAR,Computers & Accessories,
Gear Classic 20L Faux Leather Water Resistant Anti Theft Laptop Bag/Backpack for Men/Women-Brown,988,,https://www.amazon.in/Gear-Classic-Leather-Backpack-LBPCLSLTH0201/dp/B07G4F6XFH/ref=sr_1_23?crid=2M096C61O4MLT&keywords=bags&qid=1685159913&sprefix=ba%2Caps%2C283&sr=8-23,B09B25Z8M2,Safari Industries,Computers & Accessories,
"Safari Flash Casual Backpack, 26 ltr Water Resistant Travel Bags| Weight Polyester Bagpack for Men and Women, Spacious Shoulder Bag for College, Office, Travelling and Camping",799,3.8,https://www.amazon.in/Safari-Backpack-Resistant-Polyester-Travelling/dp/B09B26VHXV/ref=sr_1_24?crid=2M096C61O4MLT&keywords=bags&qid=1685159913&sprefix=ba%2Caps%2C283&sr=8-24,B09B28TKLG,Safari Industries,"Bags, Wallets and Luggage",
Lavie Sport Lino Large Size 63 cms Wheel Duffle Bag for Travel | Travel Bag with Trolley,"1,199",,https://www.amazon.in/Lavie-Sport-Duffle-Luggage-Trolley/dp/B097RJ22Q3/ref=sr_1_25?crid=2M096C61O4MLT&keywords=bags&qid=1685159913&sprefix=ba%2Caps%2C283&sr=8-25,B078GLXMDY,Fur Jaden,Fashion,
Half Moon Large 37L Laptop Bag Backpack for menं Women Boys and Girls Luggage Travel Bags with 17.3 inches Laptop Compartment & Rain Cover,749,,https://www.amazon.in/Half-Moon-Backpack-Luggage-Compartment/dp/B09VCLZ3K4/ref=sr_1_26?crid=2M096C61O4MLT&keywords=bags&qid=1685159913&sprefix=ba%2Caps%2C283&sr=8-26,B07G3CG9FC,ADISA,Computers & Accessories,
Wesley Milestone 15.6 inch 25 L Casual Waterproof Laptop Backpack/Office Bag/School Bag/College Bag/Business Bag/Unisex Travel Backpack,497,,https://www.amazon.in/Wesley-Milestone-Waterproof-Backpack-Business/dp/B07PLKV6D1/ref=sr_1_27?crid=2M096C61O4MLT&keywords=bags&qid=1685159913&sprefix=ba%2Caps%2C283&sr=8-27,B08WQ668WJ,Atulitu Agency,Computers & Accessories,
"POLESTAR Vintage 15.6 inch 32 LTR Casual Laptop Backpack/Office Bag/School Bag/College Bag/Business Bag/Unisex Backpack, Water Resistant and Light Weight, 1 year Warranty",549,3.9,https://www.amazon.in/POLESTAR-Vintage-Laptop-Backpack-bagpack/dp/B081GSQ9D9/ref=sr_1_28?crid=2M096C61O4MLT&keywords=bags&qid=1685159913&sprefix=ba%2Caps%2C283&sr=8-28,B09B2581S9,Safari Industries,Computers & Accessories,
"Safari Quill Laptop Backpack 26 Ltrs Water Resistant Fabric - Black, L (QUILL19CBBLK)",849,3.9,https://www.amazon.in/Safari-Laptop-Backpack-Resistant-Fabric/dp/B09B25Z8M2/ref=sr_1_29?crid=2M096C61O4MLT&keywords=bags&qid=1685159913&sprefix=ba%2Caps%2C283&sr=8-29,B07XVMR33Q,Atulitu Agency,Computers & Accessories,
"Safari Quill Laptop Backpack 26 Ltrs Water Resistant Fabric - Blue, L (QUILL19CBBLU)",849,,https://www.amazon.in/Safari-Laptop-Backpack-Resistant-Fabric/dp/B09B28TKLG/ref=sr_1_30?crid=2M096C61O4MLT&keywords=bags&qid=1685159913&sprefix=ba%2Caps%2C283&sr=8-30,B082PKX18C,Durant International. Address,Computers & Accessories,
"Wesley Unisex Milestone Casual Waterproof Laptop Office School College Business Travel Backpack 25 L (Dimensions: 12.5x18 inches) (Compatible with 15.6 inch laptops), Navy Blue",425,,https://www.amazon.in/Wesley-Milestone-Waterproof-Backpack-Business/dp/B07K8KLB3P/ref=sr_1_31?crid=2M096C61O4MLT&keywords=bags&qid=1685159913&sprefix=ba%2Caps%2C283&sr=8-31,B0C23Z9W18,Half_Moon,Computers & Accessories,
FUR JADEN Anti Theft Backpack 15.6 Inch Laptop Bag with USB Charging Port For Men Women Boys Girls,899,,https://www.amazon.in/Fur-Jaden-Black-Waterproof-Backpack/dp/B078GLXMDY/ref=sr_1_32?crid=2M096C61O4MLT&keywords=bags&qid=1685159913&sprefix=ba%2Caps%2C283&sr=8-32,B01F7AX9ZA,Uber Fashion Merchandise Pvt. Ltd.,Computers & Accessories,
ADISA Laptop Backpack 31 Ltrs,499,4.0,https://www.amazon.in/ADISA-BP004-Weight-Casual-Backpack/dp/B07G3CG9FC/ref=sr_1_33?crid=2M096C61O4MLT&keywords=bags&qid=1685160088&sprefix=ba%2Caps%2C283&sr=8-33,B0BS6QQZYN,SHABA BAGS,Computers & Accessories,
Zipline Unisex Casual Polyester 36 L Backpack School Bag Women Men Boys Girls Children Daypack College Bag Book School Sports Bag,843,3.7,https://www.amazon.in/Zipline-Nexa-Resistant-Bagpack-Backpack/dp/B08WQ668WJ/ref=sr_1_34?crid=2M096C61O4MLT&keywords=bags&qid=1685160088&sprefix=ba%2Caps%2C283&sr=8-34,B09CQ5T3LN,,"Bags, Wallets and Luggage",
"Safari Sneak Casual Backpack with USB Charging Port 26 Ltrs Water Resistant Fabric - Grey, L (SNEAK19CBGRE)",949,,https://www.amazon.in/Safari-Casual-Backpack-Charging-Resistant/dp/B09B2581S9/ref=sr_1_35?crid=2M096C61O4MLT&keywords=bags&qid=1685160088&sprefix=ba%2Caps%2C283&sr=8-35,B0BYB631NR,Rama luxury store,"Bags, Wallets and Luggage",
Zipline Unisex casual polyester 36 L Backpack School Bag Women Men Boys Girls children Daypack College Bag Book School Sports Bag Weekend Bag,834,,https://www.amazon.in/ZIPLINE-Polyester-Backpack-Children-Daypack/dp/B07XVMR33Q/ref=sr_1_36?crid=2M096C61O4MLT&keywords=bags&qid=1685160088&sprefix=ba%2Caps%2C283&sr=8-36,B07QN4KXWG,AirCase,"Bags, Wallets and Luggage",
"Artistix Talon Anti Theft Design Laptop Backpack, With USB Charging Port (46 Cm, 25L,Black)",999,,https://www.amazon.in/Artistix-Backpack-Anti-Theft-Charging-Resistance/dp/B082PKX18C/ref=sr_1_37?crid=2M096C61O4MLT&keywords=bags&qid=1685160088&sprefix=ba%2Caps%2C283&sr=8-37,B0BL3TVDK6,Northzone,Computers & Accessories,
Half Moon Aztec 37L School Bag Class 5-12 | College Bagpack for Men/College Back pack for Women | 15.6 inch Laptop Bag for Men/Backpack for Men | Spacious & Multiple Pockets,549,4.4,https://www.amazon.in/Half-Moon-Backpack-Spacious-Multiple/dp/B0C23Z9W18/ref=sr_1_38?crid=2M096C61O4MLT&keywords=bags&qid=1685160088&sprefix=ba%2Caps%2C283&sr=8-38,B07F2H25NP,Auxter,Computers & Accessories,
F Gear Luxur Brown 25 liter Laptop Backpack (2404),980,,https://www.amazon.in/F-Gear-Luxur-Brown-Backpack/dp/B01F7AX9ZA/ref=sr_1_39?crid=2M096C61O4MLT&keywords=bags&qid=1685160088&sprefix=ba%2Caps%2C283&sr=8-39,B07F3X45WZ,ADISA,Computers & Accessories,
NORTH ZONE Casual Waterproof Laptop Backpack/Office Bag/School Bag/College Bag/Business Bag/Travel Backpack (Dimensions:13x18 inches) (Compatible with 39.62cm(15.6inch laptop) 30 L,569,4.0,https://www.amazon.in/NORTH-ZONE-Waterproof-Backpack-Dimensions/dp/B0BS6QQZYN/ref=sr_1_40?crid=2M096C61O4MLT&keywords=bags&qid=1685160088&sprefix=ba%2Caps%2C283&sr=8-40,B097K6KD7W,Uber Fashion Merchandise Pvt Ltd,Computers & Accessories,
POLICE Backpack for Men Casual Laptop Bag Office/Travel/College 30 Ltr Hedge Polyester - Black,"1,399",,https://www.amazon.in/Police-Polyester-laptop-casual-backpack/dp/B09CQ5T3LN/ref=sr_1_41?crid=2M096C61O4MLT&keywords=bags&qid=1685160088&sprefix=ba%2Caps%2C283&sr=8-41,B09WDGZ32L,Half_Moon,Computers & Accessories,
"TRUE HUMAN® Emperor Anti-Theft Pocket backpack With USB charging Port Laptop,office,college,travel bag for men and women(Epower)",649,,https://www.amazon.in/TRUE-Emperor-Anti-Theft-backpack-charging/dp/B0BYB631NR/ref=sr_1_42?crid=2M096C61O4MLT&keywords=bags&qid=1685160088&sprefix=ba%2Caps%2C283&sr=8-42,B0BS6QQZYN,SHABA BAGS,Computers & Accessories,"To create products that inspire people to get out and live passionate lives; exploring, creating, and living life in the moment!.Our range of laptop bags and sleeves are ergonomically designed to feature convenience, comfort, protection and ease to carry your electronic gadgets. True human, a premium travel accessories brand, focusing on quality products that inspire people to explore and pursue fashion, high efficiency and unique lifestyle."
"AirCase Laptop Bag Backpack Case Pouch for Laptop Backpack for Men & Women,Premium Vegan Leather",929,3.8,https://www.amazon.in/AirCase-C34-Laptop-Backpack-Women/dp/B07QN4KXWG/ref=sr_1_43?crid=2M096C61O4MLT&keywords=bags&qid=1685160088&sprefix=ba%2Caps%2C283&sr=8-43,B09QL66G55,WildHorn,Computers & Accessories,
Northzone Lightweight school bags Backpacks for Boys Girls Stylish men and women Casual Travel Laptop Bag College office (Black) 40L,426,3.9,https://www.amazon.in/NORTH-ZONE-Lightweight-Backpacks-Stylish/dp/B0BL3TVDK6/ref=sr_1_44?crid=2M096C61O4MLT&keywords=bags&qid=1685160088&sprefix=ba%2Caps%2C283&sr=8-44,B0B3J9J9CK,Bagzone Lifestyle Pvt Ltd,Computers & Accessories,
AUXTER Faux Leather 23 Cms Duffle Bag(AUX_GB_LE_Black -SE_0521_Black),376,,https://www.amazon.in/AUXTER-BLACKY-Duffel-Emboss-Black/dp/B07F2H25NP/ref=sr_1_45?crid=2M096C61O4MLT&keywords=bags&qid=1685160088&sprefix=ba%2Caps%2C283&sr=8-45,B097K6KD7W,Uber Fashion Merchandise Pvt Ltd,"Bags, Wallets and Luggage",
ADISA Light Weight Laptop Backpack 32 Ltrs,499,,https://www.amazon.in/ADISA-BP005-Weight-Casual-Backpack/dp/B07F3X45WZ/ref=sr_1_46?crid=2M096C61O4MLT&keywords=bags&qid=1685160088&sprefix=ba%2Caps%2C283&sr=8-46,B07G4F3758,Gear,Computers & Accessories,
F Gear Colorado Grey Orange 39 Ltrs Laptop Backpack (3814),728,,https://www.amazon.in/Gear-Colorado-Orange-Laptop-Backpack/dp/B097K6KD7W/ref=sr_1_47?crid=2M096C61O4MLT&keywords=bags&qid=1685160088&sprefix=ba%2Caps%2C283&sr=8-47,B09RK6NCGC,Trajectory Marketing LLP,Computers & Accessories,
Half Moon 55 litres Travelling Laptop Bag/Rucksack Backpack for Luggage Travel Journey Trekking Hiking Bags for Men Women Boys and Girls with Laptop Compartment & Rain Cover,899,,https://www.amazon.in/Half-Moon-Travelling-Rucksack-Compartment/dp/B09WDGZ32L/ref=sr_1_48?crid=2M096C61O4MLT&keywords=bags&qid=1685160088&sprefix=ba%2Caps%2C283&sr=8-48,B08R7S55H4,Lenovo,Computers & Accessories,
NORTH ZONE Casual Waterproof Laptop Backpack/Office Bag/School Bag/College Bag/Business Bag/Travel Backpack (Dimensions:13x18 inches) (Compatible with 39.62cm(15.6inch laptop) 30 L,569,4.0,https://www.amazon.in/NORTH-ZONE-Waterproof-Backpack-Dimensions/dp/B0BS6QQZYN/ref=sr_1_49?crid=2M096C61O4MLT&keywords=bags&qid=1685160246&sprefix=ba%2Caps%2C283&sr=8-49,B09B277CR5,Safari Industries,Computers & Accessories,
"WILDHORN 31L Laptop Backpack for Men/Women I Fits upto 15.6"" Laptop I Waterproof I Travel/Business/College Bookbags",599,,https://www.amazon.in/WILDHORN-Backpack-Compartment-Business-Stitching/dp/B09QL66G55/ref=sr_1_50?crid=2M096C61O4MLT&keywords=bags&qid=1685160246&sprefix=ba%2Caps%2C283&sr=8-50,B0BPTV3795,ADISA,Computers & Accessories,Make the right impression with a formal yet Classic bag. A Collection of genuine laptop baackpacks that serves as a bridge between two worlds – capable of adding an artistic edge to business wear or giving formal polish to casual attire. For one who is maneuvering between creative and corporate. Pair with the spirit of reinvention.
Lavie Women's Ushawu Satchel Bag | Ladies Purse Handbag,"1,059",4.1,https://www.amazon.in/Lavie-Womens-Ushawu-Satchel-Handbag/dp/B0B3J9J9CK/ref=sr_1_51?crid=2M096C61O4MLT&keywords=bags&qid=1685160246&sprefix=ba%2Caps%2C283&sr=8-51,B0C23Z9W18,Half_Moon,Shoes & Handbags,
NIVIA Beast Gym Bag-4 Polyester/Unisex Gym Bags/Shoulder Bag for Men & Women with Separate Shoes Compartment/Carry Gym Accessories/Fitness Bag/Sports & Travel Bag/Sports Kit,409,,https://www.amazon.in/Nivia-5183-Polyester-Duffle-Medium/dp/B071KNXQ7Y/ref=sr_1_52?crid=2M096C61O4MLT&keywords=bags&qid=1685160246&sprefix=ba%2Caps%2C283&sr=8-52,B07F2H25NP,Auxter,"Bags, Wallets and Luggage",
NIVIA Basic Duffle Polyester Bag/Gym Bags/Adjustable Shoulder Bag for Men/Duffle Gym Bags for Men/Fitness Bag/Carry Bags/Sports & Travel Bag/Sports Kit/Duffle Bags Travel,269,,https://www.amazon.in/Nivia-6853-Polyester-Basic-Duffle/dp/B07FWQ9HRV/ref=sr_1_53?crid=2M096C61O4MLT&keywords=bags&qid=1685160246&sprefix=ba%2Caps%2C283&sr=8-53,B07QN4KXWG,AirCase,"Bags, Wallets and Luggage",
F Gear Colorado Grey Orange 39 Ltrs Laptop Backpack (3814),728,,https://www.amazon.in/Gear-Colorado-Orange-Laptop-Backpack/dp/B097K6KD7W/ref=sr_1_54?crid=2M096C61O4MLT&keywords=bags&qid=1685160246&sprefix=ba%2Caps%2C283&sr=8-54,B07J46KLFP,Fur Jaden,Computers & Accessories,
"Mi Step Out 12 L Mini Backpack (Small Size, Black, Water Repellant)",398,,https://www.amazon.in/Backpack-Small-Black-Water-Repellant/dp/B088XB5XY8/ref=sr_1_55?crid=2M096C61O4MLT&keywords=bags&qid=1685160246&sprefix=ba%2Caps%2C283&sr=8-55,B01LXNNFDF,Backpack International Pvt Ltd,Computers & Accessories,
Gear Vintage2 Anti Theft Faux Leather 18 cms Tan Laptop Backpack,836,4.3,https://www.amazon.in/Gear-Vintage2-Leather-Backpack-LBPVG2LTH1901/dp/B07G4F3758/ref=sr_1_56?crid=2M096C61O4MLT&keywords=bags&qid=1685160246&sprefix=ba%2Caps%2C283&sr=8-56,B0B6FNB898,ah arctic hunter,Computers & Accessories,
Trajectory 15.6 Inch Vegan Leather Messenger Laptop bag for men in Office for all laptop like Apple MacBook with 2 Years Warranty and Spacious Multiple Compartment with Expandable Bottom Used as Shoulder and Handbag for Men,"1,399",,https://www.amazon.in/Trajectory-Elegant-15-6-Laptop-Office/dp/B09RK6NCGC/ref=sr_1_57?crid=2M096C61O4MLT&keywords=bags&qid=1685160246&sprefix=ba%2Caps%2C283&sr=8-57,B08R7S55H4,Lenovo,Computers & Accessories,
"Lenovo 15.6"" Professional Backpack, Made in India, Water-resistant,Uncompromised storage, Travel friendly:Fleece-lined PC compartment,Vented,Padded BackPanel & Adjustable shoulder straps,Luggage strap",700,4.2,https://www.amazon.in/Lenovo-Professional-Backpack-Water-resistant-Uncompromised/dp/B08R7S55H4/ref=sr_1_58?crid=2M096C61O4MLT&keywords=bags&qid=1685160246&sprefix=ba%2Caps%2C283&sr=8-58,B0BZVCHKTD,Wildcraft India Pvt Ltd,Computers & Accessories,
"Safari Spartan 21 Ltrs Water Resistant Backpack - Teal, S (SPARTAN19CBTEA)",599,3.8,https://www.amazon.in/Safari-Spartan-Water-Resistant-Backpack/dp/B09B277CR5/ref=sr_1_59?crid=2M096C61O4MLT&keywords=bags&qid=1685160246&sprefix=ba%2Caps%2C283&sr=8-59,B0BX3QFVSM,ADISA,"Bags, Wallets and Luggage",
ADISA 32L Large Laptop Backpack Office Bag College Travel Back Pack with rain Cover (Black),599,,https://www.amazon.in/ADISA-Laptop-Backpack-Office-College/dp/B0BPTV3795/ref=sr_1_60?crid=2M096C61O4MLT&keywords=bags&qid=1685160246&sprefix=ba%2Caps%2C283&sr=8-60,B0B6FNPN76,,Computers & Accessories,
Half Moon Aztec 37L School Bag Class 5-12 | College Bagpack for Men/College Back pack for Women | 15.6 inch Laptop Bag for Men/Backpack for Men | Spacious & Multiple Pockets,549,,https://www.amazon.in/Half-Moon-Backpack-Spacious-Multiple/dp/B0C23Z9W18/ref=sr_1_61?crid=2M096C61O4MLT&keywords=bags&qid=1685160246&sprefix=ba%2Caps%2C283&sr=8-61,B0BXQZ6Q85,ADISA,Computers & Accessories,
Kore Regular Gym Bag,59,,https://www.amazon.in/Kore-K-REGULAR-GYM-BAG-Regular-Gym-Bag/dp/B09VLK27NF/ref=sr_1_62?crid=2M096C61O4MLT&keywords=bags&qid=1685160246&sprefix=ba%2Caps%2C283&sr=8-62,B09B277CR5,Safari Industries,"Bags, Wallets and Luggage",
AUXTER Faux Leather 23 Cms Duffle Bag(AUX_GB_LE_Black -SE_0521_Black),376,4.3,https://www.amazon.in/AUXTER-BLACKY-Duffel-Emboss-Black/dp/B07F2H25NP/ref=sr_1_63?crid=2M096C61O4MLT&keywords=bags&qid=1685160246&sprefix=ba%2Caps%2C283&sr=8-63,B0BJ763F7Y,"VIP Industries Limited, DGP House, 88C, Old Prabhadevi Road, Prabhadevi, Mumbai 400025. India","Bags, Wallets and Luggage",
"AirCase Laptop Bag Backpack Case Pouch for Laptop Backpack for Men & Women,Premium Vegan Leather",929,3.8,https://www.amazon.in/AirCase-C34-Laptop-Backpack-Women/dp/B07QN4KXWG/ref=sr_1_64?crid=2M096C61O4MLT&keywords=bags&qid=1685160246&sprefix=ba%2Caps%2C283&sr=8-64,B09B7KC93T,A. H. Creation,Computers & Accessories,
"Fur Jaden 15.6 Inch Laptop Backpack 25 LTR Bag for School, College and Office with USB Charging Port",499,,https://www.amazon.in/Casual-Backpack-Charging-Laptop-Compartment/dp/B07J46KLFP/ref=sr_1_65?crid=2M096C61O4MLT&keywords=bags&qid=1685160429&sprefix=ba%2Caps%2C283&sr=8-65,B09QM9N1B3,Half_Moon,Computers & Accessories,
NIVIA Beast Gym Bag-4 Polyester/Unisex Gym Bags/Shoulder Bag for Men & Women with Separate Shoes Compartment/Carry Gym Accessories/Fitness Bag/Sports & Travel Bag/Sports Kit,409,,https://www.amazon.in/Nivia-5183-Polyester-Duffle-Medium/dp/B071KNXQ7Y/ref=sr_1_66?crid=2M096C61O4MLT&keywords=bags&qid=1685160429&sprefix=ba%2Caps%2C283&sr=8-66,B0BJ763F7Y,"VIP Industries Limited, DGP House, 88C, Old Prabhadevi Road, Prabhadevi, Mumbai 400025. India","Bags, Wallets and Luggage",
"Tabelito® Casual Laptop Bag 15.6inch (39.6 cm) , 25 LTR Office College School Bags Business Travel Backpack for Men Women Water Resistant Bags(BLACK)",549,,https://www.amazon.in/Tabelito-Laptop-Backpack-15-6-inch-Repellent/dp/B08Y5S6C2P/ref=sr_1_67?crid=2M096C61O4MLT&keywords=bags&qid=1685160429&sprefix=ba%2Caps%2C283&sr=8-67,B09TPHFMX7,"Vikrant Extrusion , Daman",Computers & Accessories,"t TABELITO, we provide the highest quality backpacks with the most reasonable cost so every customer can find a backpack they actually love to carry. To create products that inspire people to get out and live passionate lives; exploring, creating, and living life in the moment."
"URBAN TRIBE Havana Backpack for Men & Women | Laptop Bag 15.6 inch | Office Work/Casual/College Bag | Black, 27L",999,,https://www.amazon.in/Urban-Tribe-Laptop-Backpack-Havana/dp/B01LXNNFDF/ref=sr_1_68?crid=2M096C61O4MLT&keywords=bags&qid=1685160429&sprefix=ba%2Caps%2C283&sr=8-68,B07CJCFNZG,American Tourister,Computers & Accessories,
Arctic Hunter Laptop Bag Expandable Backpack for 16 inch Lapotp 40L Travel Backpack Water-resistant Business School Backpack with USB Port for Men and Women,"3,514",,https://www.amazon.in/Expandable-Backpack-Water-resistant-Business-Charging/dp/B0B6FNB898/ref=sr_1_69?crid=2M096C61O4MLT&keywords=bags&qid=1685160429&sprefix=ba%2Caps%2C283&sr=8-69,B07YFNXC3H,Stoned Walls,Computers & Accessories,"To create products that inspire people to get out and live passionate lives; exploring, creating, and living life in the moment!"
"Lenovo 15.6"" Professional Backpack, Made in India, Water-resistant,Uncompromised storage, Travel friendly:Fleece-lined PC compartment,Vented,Padded BackPanel & Adjustable shoulder straps,Luggage strap",700,,https://www.amazon.in/Lenovo-Professional-Backpack-Water-resistant-Uncompromised/dp/B08R7S55H4/ref=sr_1_70?crid=2M096C61O4MLT&keywords=bags&qid=1685160429&sprefix=ba%2Caps%2C283&sr=8-70,B07G4HH78P,Gear Merchandise PVT LTD,Computers & Accessories,
Wildcraft Casual backpack 45L (12956),"1,549",,https://www.amazon.in/Wildcraft-Casual-backpack-45L-12956/dp/B0BZVCHKTD/ref=sr_1_71_mod_primary_new?crid=2M096C61O4MLT&keywords=bags&qid=1685160429&sbo=RZvfv%2F%2FHxDF%2BO5021pAnSA%3D%3D&sprefix=ba%2Caps%2C283&sr=8-71,B0847PGZZM,TRAWOC,"Bags, Wallets and Luggage",
ADISA 31 Ltrs Casual Backpack School College Bag Pack (Navy Blue),399,,https://www.amazon.in/ADISA-Casual-Backpack-School-College/dp/B0BX3QFVSM/ref=sr_1_72?crid=2M096C61O4MLT&keywords=bags&qid=1685160429&sprefix=ba%2Caps%2C283&sr=8-72,B09TPVD964,ADISA,"Bags, Wallets and Luggage",
Kore Regular Gym Bag,59,,https://www.amazon.in/Kore-K-REGULAR-GYM-BAG-Regular-Gym-Bag/dp/B09VLK27NF/ref=sr_1_73?crid=2M096C61O4MLT&keywords=bags&qid=1685160429&sprefix=ba%2Caps%2C283&sr=8-73,B0B6FNPN76,,"Bags, Wallets and Luggage",
Arctic Hunter Backpack Premium Business Backpack for Men Office Travel Laptop Bag with 15.6 Inch Laptop Pocket Water/Scratch-resistant Multiple Pocket Padded College Backpack for Men,"5,699",,https://www.amazon.in/Backpack-Business-Scratch-resistant-Multiple-Comfortable/dp/B0B6FNPN76/ref=sr_1_74?crid=2M096C61O4MLT&keywords=bags&qid=1685160429&sprefix=ba%2Caps%2C283&sr=8-74,B079DV66TY,Wildcraft,Computers & Accessories,"To create products that inspire people to get out and live passionate lives; exploring, creating, and living life in the moment!"
ADISA Large Laptop Backpack Office Bag College Travel Back Pack with USB (Black),499,,https://www.amazon.in/ADISA-Laptop-Backpack-Office-College/dp/B0BXQZ6Q85/ref=sr_1_75?crid=2M096C61O4MLT&keywords=bags&qid=1685160429&sprefix=ba%2Caps%2C283&sr=8-75,B0BYP7SJ4Q,Wooum,Computers & Accessories,
"Safari Spartan 21 Ltrs Water Resistant Backpack - Teal, S (SPARTAN19CBTEA)",599,3.8,https://www.amazon.in/Safari-Spartan-Water-Resistant-Backpack/dp/B09B277CR5/ref=sr_1_76?crid=2M096C61O4MLT&keywords=bags&qid=1685160429&sprefix=ba%2Caps%2C283&sr=8-76,B07H1BPCGQ,Rushi Enterprise,"Bags, Wallets and Luggage",
Wesley Milestone 15.6 inch 25 L Casual Waterproof Laptop Backpack/Office Bag/School Bag/College Bag/Business Bag/Unisex Travel Backpack (Black),497,,https://www.amazon.in/Wesley-Milestone-Waterproof-Backpack-Business/dp/B07NJRPJ6Q/ref=sr_1_77?crid=2M096C61O4MLT&keywords=bags&qid=1685160429&sprefix=ba%2Caps%2C283&sr=8-77,B012D4QWES,Wildcraft,Computers & Accessories,
Skybags Kick 24L Unisex Adjustable Strap Polyester Blue Laptop Backpack,"1,459",4.3,https://www.amazon.in/Skybags-Unisex-Adjustable-Polyester-Backpack/dp/B0BJ763F7Y/ref=sr_1_78?crid=2M096C61O4MLT&keywords=bags&qid=1685160429&sprefix=ba%2Caps%2C283&sr=8-78,B071XJ6XV5,Uber Fashion Merchandise Pvt. Ltd.,Computers & Accessories,
HEROZ Hammer Unisex Nylon 35 L Travel Laptop Backpack Water Resistant Slim Durable Fits Up to 17.3 Inch Laptop Notebook (Black),"1,199",,https://www.amazon.in/HEROZ-Backpack-Resistant-Durable-Notebook/dp/B09B7KC93T/ref=sr_1_79?crid=2M096C61O4MLT&keywords=bags&qid=1685160429&sprefix=ba%2Caps%2C283&sr=8-79,B012D4QWES,Wildcraft,Computers & Accessories,
FATMUG Laptop Bag For Men - Convertible Backpack For Office And Travel (Light Grey Oxford Fabric),"1,499",,https://www.amazon.in/FATMUG-Laptop-Bag-Men-Convertible/dp/B084LFX8ZZ/ref=sr_1_80?crid=2M096C61O4MLT&keywords=bags&qid=1685160429&sprefix=ba%2Caps%2C283&sr=8-80,B075Y6Y9H5,"Lenovo, Ferns Icon, Level, 2, Outer Ring Rd, Doddanekundi, Mahadevapura, Bengaluru, Karnataka 560156",Computers & Accessories,
Half Moon 30L Waterproof 15.6 inch Laptop Office School College Bag Backpack for Men Women Boys & Girls,589,3.7,https://www.amazon.in/Half-Moon-Waterproof-Laptop-Backpack/dp/B09QM9N1B3/ref=sr_1_81?crid=2M096C61O4MLT&keywords=bags&qid=1685160614&sprefix=ba%2Caps%2C283&sr=8-81,B08SW9RJ75,Bagzone Lifestyle Pvt Ltd,Computers & Accessories,
Skybags Kick 24L Unisex Adjustable Strap Polyester Blue Laptop Backpack,"1,459",4.3,https://www.amazon.in/Tabelito-Laptop-Backpack-15-6-inch-Repellent/dp/B08Y5S6C2P/ref=sr_1_82?crid=2M096C61O4MLT&keywords=bags&qid=1685160614&sprefix=ba%2Caps%2C283&sr=8-82,B07BNS3KNX,Rushi Enterprise,Computers & Accessories,
"SHALIMAR large capacity Travel bag / Storage bag / Move-in bags/ Duffel Bag - Strong, Durable , Foldable and Water Resistant ( Pack of 1 ) ( Blue )",259,,https://www.amazon.in/Skybags-Unisex-Adjustable-Polyester-Backpack/dp/B0BJ763F7Y/ref=sr_1_83?crid=2M096C61O4MLT&keywords=bags&qid=1685160614&sprefix=ba%2Caps%2C283&sr=8-83,B07QD1M3R9,Rushi Enterprise,"Bags, Wallets and Luggage",
American Tourister Casual Backpack,"1,249",4.1,https://www.amazon.in/Shalimar-Capacity-Travel-Storage-Duffel/dp/B09TPHFMX7/ref=sr_1_84?crid=2M096C61O4MLT&keywords=bags&qid=1685160614&sprefix=ba%2Caps%2C283&sr=8-84,B089T98TKG,Puma,"Bags, Wallets and Luggage",
"Nivia 5227 Pulse Junior Bag, Others (Orange) (Sky Blue)",294,,https://www.amazon.in/American-Tourister-AMT-SCH-BAG01/dp/B07CJCFNZG/ref=sr_1_85?crid=2M096C61O4MLT&keywords=bags&qid=1685160614&sprefix=ba%2Caps%2C283&sr=8-85,B07G4HH78P,Gear Merchandise PVT LTD,"Bags, Wallets and Luggage",
"FATMUG Polyester Foldable Duffle Travel Bag Luggage For Travel, Packing And Storage - Men And Women - (60 L, Black)",999,,https://www.amazon.in/DZert-Kids-Grey-School-Years/dp/B07QD1M3R9/ref=sr_1_86?crid=2M096C61O4MLT&keywords=bags&qid=1685160614&sprefix=ba%2Caps%2C283&sr=8-86,B097KGL2M5,Gear,"Bags, Wallets and Luggage",
Gear Vintage2 28L Faux Leather Water Resistant Anti Theft Laptop Bag/Backpack for Men/Women-Navy,970,,https://www.amazon.in/Nivia-5227-Pulse-Junior-Others/dp/B08D7QG33Z/ref=sr_1_87?crid=2M096C61O4MLT&keywords=bags&qid=1685160614&sprefix=ba%2Caps%2C283&sr=8-87,B078JVT384,Cosmus,Computers & Accessories,
F Gear String 11 Ltrs Nylon Black Gym Bag,189,4.0,https://www.amazon.in/FATMUG-Foldable-Luggage-Packing-Storage/dp/B07YFNXC3H/ref=sr_1_88?crid=2M096C61O4MLT&keywords=bags&qid=1685160614&sprefix=ba%2Caps%2C283&sr=8-88,B07PQQ8M7B,POLESTAR,"Bags, Wallets and Luggage",
"Nivia 5227 Pulse Junior Bag, Others (Orange) (Sky Blue)",294,,https://www.amazon.in/Tabelito-Office-Laptop-Briefcase-Women/dp/B08FKXCJNQ/ref=sr_1_89?crid=2M096C61O4MLT&keywords=bags&qid=1685160614&sprefix=ba%2Caps%2C283&sr=8-89,B084258ZD8,Vip Industries Ltd,"Bags, Wallets and Luggage",
TRAWOC 80L Travel Backpack for Outdoor Sport Camp Hiking Trekking Bag Camping Rucksack HK007 (PARENT) 1 Year Warranty,"2,332",,https://www.amazon.in/Resistant-Photography-Accessories-Compatible-Panasonic/dp/B0BRJLWQ6R/ref=sr_1_90?crid=2M096C61O4MLT&keywords=bags&qid=1685160614&sprefix=ba%2Caps%2C283&sr=8-90,B08X2KRL8B,POLESTAR,"Bags, Wallets and Luggage",
ADISA 15.6 inch Laptop Backpack Office Bag College Travel Back Pack 32 Ltrs (z-Teal),499,,https://www.amazon.in/Expandable-Backpack-Water-resistant-Business-Charging/dp/B0B6FNB898/ref=sr_1_91?crid=2M096C61O4MLT&keywords=bags&qid=1685160614&sprefix=ba%2Caps%2C283&sr=8-91,B07H1BPCGQ,Rushi Enterprise,Computers & Accessories,DESCRIPTION
Gear Workspace 18L Water Resistant Laptop Bag/Backpack/Office Bag for Men/Women-Black,879,4.2,https://www.amazon.in/Casual-Backpack-Charging-Laptop-Compartment/dp/B07J46KLFP/ref=sr_1_92?crid=2M096C61O4MLT&keywords=bags&qid=1685160614&sprefix=ba%2Caps%2C283&sr=8-92,B07H193V57,Rushi Enterprise,Computers & Accessories,
"Bennett Casual Laptop Bag school bags for boys girls 15.6-inch, 25 LTR Office & College bags for mens Water Repellent Backpack for Men & Women (GREY)",512,,https://www.amazon.in/HAMMONDS-FLYCATCHER-Genuine-Shoulder-Messenger/dp/B07P2TQH78/ref=sr_1_93?crid=2M096C61O4MLT&keywords=bags&qid=1685160614&sprefix=ba%2Caps%2C283&sr=8-93,B0C3MG4MJG,"Swiss Military Consumer Goods Limited, W-39, Okhla Industrial Area, Delhi , Delhi - 110020",Computers & Accessories,
Arctic Hunter Backpack Premium Business Backpack for Men Office Travel Laptop Bag with 15.6 Inch Laptop Pocket Water/Scratch-resistant Multiple Pocket Padded College Backpack for Men,"5,699",4.3,https://www.amazon.in/Storite-Grocery-Shopping-Reinforced-40x20x33-cm/dp/B079T66RBW/ref=sr_1_94?crid=2M096C61O4MLT&keywords=bags&qid=1685160614&sprefix=ba%2Caps%2C283&sr=8-94,B085MHDJ93,Amazing Bags,Computers & Accessories,"To create products that inspire people to get out and live passionate lives; exploring, creating, and living life in the moment!"
Wildcraft 29.5 Ltrs Green Casual Backpack (11650-Green),999,,https://www.amazon.in/Gear-Vintage2-Leather-Backpack-LBPVG2LTH0501/dp/B07G4HH78P/ref=sr_1_95?crid=2M096C61O4MLT&keywords=bags&qid=1685160614&sprefix=ba%2Caps%2C283&sr=8-95,B0B6FNPN76,,"Bags, Wallets and Luggage",
"Luv Lap LuvLap Baby Breast Milk Storage Bags (Pack of 25), BPA Free Disposable Milk Freezer Bags for Breast Feeding, Transparent",,,https://www.amazon.in/F-Gear-String-Polyester-33-cms-Black-Drawstring-Gym-Bag/dp/B07PC28YQ9/ref=sr_1_96?crid=2M096C61O4MLT&keywords=bags&qid=1685160614&sprefix=ba%2Caps%2C283&sr=8-96,B0BRSKKZ1W,Shri Salasar Enterprises,Baby,
Wooum Anti Theft Laptop Bag - Backpack For Laptop and Tablet of 15.6 Inch Thick Padded Compartment - Light Weight - Water Resistance – Anti Theft (Black),474,4.8,https://www.amazon.in/Gear-Vintage2-Leather-Backpack-LBPVG2LTH0501/dp/B07G4HH78P/ref=sr_1_97?crid=2M096C61O4MLT&keywords=bags&qid=1685160742&sprefix=ba%2Caps%2C283&sr=8-97,B0B7X81X69,Designed By Mokobara Lifestyle Private Limited,Computers & Accessories,
DZert Clasy Laptop Bag College Bag for Boys Girls 21 L Nevy Blue,339,,https://www.amazon.in/Nivia-5227-Pulse-Junior-Others/dp/B08D7QG33Z/ref=sr_1_98?crid=2M096C61O4MLT&keywords=bags&qid=1685160742&sprefix=ba%2Caps%2C283&sr=8-98,B0BKSXQBXX,The Purple Tree,Computers & Accessories,
Wildcraft Turnaround Polyester 14 inch 27 Ltrs Blue Laptop Bag (8903340000000),"1,797",,https://www.amazon.in/Safari-Spartan-Water-Resistant-Backpack/dp/B09B26MB5M/ref=sr_1_99?crid=2M096C61O4MLT&keywords=bags&qid=1685160742&sprefix=ba%2Caps%2C283&sr=8-99,B0847PGZZM,TRAWOC,Computers & Accessories,
F Gear Tycoon 27 Liters Laptop Backpack Sch Bag(Black),"1,149",,https://www.amazon.in/DZert-School-Polyester-Backpack-White/dp/B07GXYHFCY/ref=sr_1_100?crid=2M096C61O4MLT&keywords=bags&qid=1685160742&sprefix=ba%2Caps%2C283&sr=8-100,B0BWNCV31F,Acefour Accessories Pvt. Ltd.,Computers & Accessories,
Wildcraft Turnaround Polyester 14 inch 27 Ltrs Blue Laptop Bag (8903340000000),"1,797",,https://www.amazon.in/TRAWOC-Backpack-Trekking-Rucksack-Warranty/dp/B0847PGZZM/ref=sr_1_101?crid=2M096C61O4MLT&keywords=bags&qid=1685160742&sprefix=ba%2Caps%2C283&sr=8-101,B095PC3QPV,Designed By Mokobara Lifestyle Private Limited,Computers & Accessories,
Lenovo 15.6-inch Casual Laptop Briefcase T210,799,4.2,https://www.amazon.in/ADISA-Laptop-Backpack-Office-College/dp/B09TPVD964/ref=sr_1_102?crid=2M096C61O4MLT&keywords=bags&qid=1685160742&sprefix=ba%2Caps%2C283&sr=8-102,B08SWGFBNT,,Computers & Accessories,
Lavie Women's Odiase Medium Satchel Bag | Ladies Purse Handbag,"1,319",4.1,https://www.amazon.in/Number-Backpack-Compartment-Charging-Organizer/dp/B09VTC876Z/ref=sr_1_103?crid=2M096C61O4MLT&keywords=bags&qid=1685160742&sprefix=ba%2Caps%2C283&sr=8-103,B088B4P6ZW,Martucci,Shoes & Handbags,
DZert Kids School Bag Soft Plush Backpacks Cartoon Boys Girls Baby (2-5 Years),239,,https://www.amazon.in/Gear-Workspace-Briefcase-Black-Red-BKPWRPHYD0101/dp/B097KGL2M5/ref=sr_1_104?crid=2M096C61O4MLT&keywords=bags&qid=1685160742&sprefix=ba%2Caps%2C283&sr=8-104,B09TPY1G1W,ADISA,"Bags, Wallets and Luggage",
Amazon Basics 20 ltrs Casual/Travel/College Backpack for 15.6-inch Laptop | Water Resistant Fabric,459,,https://www.amazon.in/Bennett-15-6-inch-College-Repellent-Backpack/dp/B09WZKHSDR/ref=sr_1_105?crid=2M096C61O4MLT&keywords=bags&qid=1685160742&sprefix=ba%2Caps%2C283&sr=8-105,B0757K36YV,Gear Merchandise PVT LTD,Computers & Accessories,
DZert Kids School Bag Soft Plush Backpacks Cartoon Boys Girls Baby (2-5 Years),225,,https://www.amazon.in/Backpack-Business-Scratch-resistant-Multiple-Comfortable/dp/B0B6FNPN76/ref=sr_1_106?crid=2M096C61O4MLT&keywords=bags&qid=1685160742&sprefix=ba%2Caps%2C283&sr=8-106,B0C1NZLF67,Half_Moon,"Bags, Wallets and Luggage",
Puma Unisex Gym Bag IND,619,,https://www.amazon.in/Wildcraft-Green-Casual-Backpack-11650-Green/dp/B079DV66TY/ref=sr_1_107_mod_primary_new?crid=2M096C61O4MLT&keywords=bags&qid=1685160742&sbo=RZvfv%2F%2FHxDF%2BO5021pAnSA%3D%3D&sprefix=ba%2Caps%2C283&sr=8-107,B075Y6Y9H5,"Lenovo, Ferns Icon, Level, 2, Outer Ring Rd, Doddanekundi, Mahadevapura, Bengaluru, Karnataka 560156","Bags, Wallets and Luggage",
Gear Vintage2 28L Faux Leather Water Resistant Anti Theft Laptop Bag/Backpack for Men/Women-Navy,970,,https://www.amazon.in/Storage-Disposable-Freezer-Feeding-Transparent/dp/B099ZZ57FT/ref=sr_1_108?crid=2M096C61O4MLT&keywords=bags&qid=1685160742&sprefix=ba%2Caps%2C283&sr=8-108,B08T1769X9,Designed By Mokobara Lifestyle Private Limited,Computers & Accessories,
Gear Workspace 18L Water Resistant Laptop Bag/Backpack/Office Bag for Men/Women-Black,879,4.2,https://www.amazon.in/Wooum-Anti-Theft-Laptop-Bag/dp/B0BYP7SJ4Q/ref=sr_1_109?crid=2M096C61O4MLT&keywords=bags&qid=1685160742&sprefix=ba%2Caps%2C283&sr=8-109,B07G4JQX2F,,Computers & Accessories,
"COSMUS Madison waterproof Multipurpose Backpack With laptop compartment , 33L","1,420",4.2,https://www.amazon.in/DZert-Girls-Polyester-White-Backpack/dp/B07H1BPCGQ/ref=sr_1_110?crid=2M096C61O4MLT&keywords=bags&qid=1685160742&sprefix=ba%2Caps%2C283&sr=8-110,B0BKTQ48D5,rama luxury store,Computers & Accessories,
"POLESTAR Noble 32 L Bag for College, School, Office, Casual Multipurpose Backpack with 15.6"" Laptop Compartment, Water Resistant, Unisex Design, Stylish & Durable, 1 Year Warranty",579,3.9,https://www.amazon.in/Wildcraft-Turnaround-Polyester-Laptop-8903340000000/dp/B012D4QWES/ref=sr_1_111?crid=2M096C61O4MLT&keywords=bags&qid=1685160742&sprefix=ba%2Caps%2C283&sr=8-111,B08HHD4T6W,High Spirit Commercial Ventures Pvt Ltd. Contact No.,"Bags, Wallets and Luggage",
SKYBAGS Campus Grey Logo Print College Laptop Backpack 30L,"1,899",,https://www.amazon.in/F-Gear-Tycoon-Laptop-Backpack/dp/B071XJ6XV5/ref=sr_1_112?crid=2M096C61O4MLT&keywords=bags&qid=1685160742&sprefix=ba%2Caps%2C283&sr=8-112,B07FC4D9B5,Wildcraft,Computers & Accessories,
"POLESTAR Leader 34 L Bag for College, School, Office, Casual Multipurpose Backpack with 15.6"" Laptop Compartment, Water Resistant, Unisex Design, Stylish & Durable, 1 Year Warranty",599,4.1,https://www.amazon.in/Wildcraft-Turnaround-Polyester-Laptop-8903340000000/dp/B012D4QWES/ref=sr_1_113?crid=2M096C61O4MLT&keywords=bags&qid=1685160884&sprefix=ba%2Caps%2C283&sr=8-113,B077WSKG53,Vivinkaa,"Bags, Wallets and Luggage",
DZert Clasy Laptop Bag College Bag for Boys Girls 21 L Nevy Blue,339,,https://www.amazon.in/Lenovo-Carrying-15-6-Inch-Toploader-GX40Q17229/dp/B075Y6Y9H5/ref=sr_1_114?crid=2M096C61O4MLT&keywords=bags&qid=1685160884&sprefix=ba%2Caps%2C283&sr=8-114,B07BNS3KNX,Rushi Enterprise,Computers & Accessories,
DZert Clasy Laptop Bag College Bag for Boys Girls 21 L Black,339,,https://www.amazon.in/Lavie-Odiase-Womens-Satchel-Handbag/dp/B08SW9RJ75/ref=sr_1_115?crid=2M096C61O4MLT&keywords=bags&qid=1685160884&sprefix=ba%2Caps%2C283&sr=8-115,B012D4QWES,Wildcraft,Computers & Accessories,
Contacts 15 inch Everyday Laptop Versatile Backpack with USB Charging Port | Multi functional Bagpack (Grey)…,999,,https://www.amazon.in/DZert-Fabric-Multicolour-Spiderman-Printed/dp/B07BNS3KNX/ref=sr_1_116?crid=2M096C61O4MLT&keywords=bags&qid=1685160884&sprefix=ba%2Caps%2C283&sr=8-116,B09SXRZ7FW,ASIAN,Computers & Accessories,
"Swiss Military Hard Shell Travel Backpack UFO, Alien Series Dimond Cut ABS Hardshell upto 15.6 Inch Laptop","3,899",,https://www.amazon.in/Amazon-Basics-Casual-Backpack-15-6-inch/dp/B09W4WJ1CB/ref=sr_1_117?crid=2M096C61O4MLT&keywords=bags&qid=1685160884&sprefix=ba%2Caps%2C283&sr=8-117,B075Y6Y9H5,"Lenovo, Ferns Icon, Level, 2, Outer Ring Rd, Doddanekundi, Mahadevapura, Bengaluru, Karnataka 560156",Computers & Accessories,
"Half Moon 35L Water Resistant 15.6 inch Laptop Bag for Men/Backpack for Men, Navy Blue | Office Bag for Men/Office Bag for Women with Padded Laptop Compartment | Rain Cover & Reflective Strips",529,3.9,https://www.amazon.in/DZert-Kids-Grey-School-Years/dp/B07QD1M3R9/ref=sr_1_118?crid=2M096C61O4MLT&keywords=bags&qid=1685160884&sprefix=ba%2Caps%2C283&sr=8-118,B07H193V57,Rushi Enterprise,Computers & Accessories,
Arctic Hunter Backpack Premium Business Backpack for Men Office Travel Laptop Bag with 15.6 Inch Laptop Pocket Water/Scratch-resistant Multiple Pocket Padded College Backpack for Men,"5,699",,https://www.amazon.in/PUMA-Gym-Bag-IND-Fig-CASTLEROCK/dp/B089T98TKG/ref=sr_1_119?crid=2M096C61O4MLT&keywords=bags&qid=1685160884&sprefix=ba%2Caps%2C283&sr=8-119,B08F9QYRZB,Shri Salasar Enterprises,Computers & Accessories,"To create products that inspire people to get out and live passionate lives; exploring, creating, and living life in the moment!"
HOT SHOT Kids Bag 032|Unicorn Bag|School Bag|2TO5 Years|BOY & Girl|12 Liters Preschool & Nursery Waterproof Plush Bag,287,,https://www.amazon.in/Gear-Vintage2-Leather-Backpack-LBPVG2LTH0501/dp/B07G4HH78P/ref=sr_1_120?crid=2M096C61O4MLT&keywords=bags&qid=1685160884&sprefix=ba%2Caps%2C283&sr=8-120,B09PQNK66Z,,"Bags, Wallets and Luggage",
"MOKOBARA The Work Backpack 15.6"" Inch Laptop | Travel Backpack For Men And Women","7,499",4.5,https://www.amazon.in/Gear-Workspace-Briefcase-Black-Red-BKPWRPHYD0101/dp/B097KGL2M5/ref=sr_1_121?crid=2M096C61O4MLT&keywords=bags&qid=1685160884&sprefix=ba%2Caps%2C283&sr=8-121,B08SWGFBNT,,Computers & Accessories,"Introducing your daily daypack on steroids. With 17 pockets, USB charging port, external zipper compartments and endless organisation on the inside - This Mokobara is going to elevate the way you carry your daily gear."
"The Purple Tree Multifunction Waterproof Laptop Travel Backpack with Shoe Compartment, Shoulder Bag, 35 L Laptop Backpack with USB Charging, Flight Cabin Backpack, Antitheft Zipper Bag","2,499",,https://www.amazon.in/COSMUS-Multipurpose-Backpack-Bag-compartment/dp/B078JVT384/ref=sr_1_122?crid=2M096C61O4MLT&keywords=bags&qid=1685160884&sprefix=ba%2Caps%2C283&sr=8-122,B094DGXXR5,Fur Jaden,Computers & Accessories,
"Walkent Waterproof 15.6 inch Laptop Bag 39L (Model Identity, Black) 180° Openable, Anti-Theft, External USB, Expandable for Office, Home, College, Men Women","2,990",,https://www.amazon.in/POLESTAR-Casual-bagpack-School-Backpack/dp/B07PQQ8M7B/ref=sr_1_123?crid=2M096C61O4MLT&keywords=bags&qid=1685160884&sprefix=ba%2Caps%2C283&sr=8-123,B0BKSXQBXX,The Purple Tree,Computers & Accessories,
TRAWOC 80L Travel Backpack for Outdoor Sport Camp Hiking Trekking Bag Camping Rucksack HK007 (PARENT) 1 Year Warranty,"2,332",4.4,https://www.amazon.in/SKYBAGS-Campus-College-Laptop-Backpack/dp/B084258ZD8/ref=sr_1_124?crid=2M096C61O4MLT&keywords=bags&qid=1685160884&sprefix=ba%2Caps%2C283&sr=8-124,B08W5DQ33D,SAAV TEX PVT LTD,"Bags, Wallets and Luggage",
FATMUG Laptop Bag For Men - Convertible Backpack For Office And Travel (Light Grey Oxford Fabric),"1,499",,https://www.amazon.in/POLESTAR-backpack-Backpack-College-Students/dp/B08X2KRL8B/ref=sr_1_125?crid=2M096C61O4MLT&keywords=bags&qid=1685160884&sprefix=ba%2Caps%2C283&sr=8-125,B07VT3F795,PAZZO,Computers & Accessories,
Contacts 15 inch Everyday Laptop Versatile Backpack with USB Charging Port | Multi functional Bagpack (Grey)…,999,,https://www.amazon.in/DZert-Girls-Polyester-White-Backpack/dp/B07H1BPCGQ/ref=sr_1_126?crid=2M096C61O4MLT&keywords=bags&qid=1685160884&sprefix=ba%2Caps%2C283&sr=8-126,B0C2D2XC4H,Tabelito Trade India,Computers & Accessories,
"uppercase Medium 17 Ltrs Vegan Leather (upto 14 inch) Laptop Backpack 2300EBP1 3x more water resistant sustainable bags with rain proof zippers for Men, Women, Boys and Girls, 750 Days warranty","1,600",,https://www.amazon.in/DZert-Polyester-Black-White-Laptop/dp/B07H193V57/ref=sr_1_127?crid=2M096C61O4MLT&keywords=bags&qid=1685160884&sprefix=ba%2Caps%2C283&sr=8-127,B097KDRZ67,,Computers & Accessories,
Gear Aspire 30L Water Restant Office Laptop Bag/Backpack for Men/Women/(Black),"1,099",,https://www.amazon.in/CONTACTS-Backpack-Lighweight-Versatile-Charging/dp/B085WPWY1W/ref=sr_1_128?crid=2M096C61O4MLT&keywords=bags&qid=1685160884&sprefix=ba%2Caps%2C283&sr=8-128,B0BYBDX8VP,Rama luxury store,Computers & Accessories,
"MOKOBARA Backpack 15.5"" Inch Laptop Backpack For Women (16 litres ) Improved (2022 - Model)","4,499",4.3,https://www.amazon.in/sspa/click?ie=UTF8&spc=MTo1NjI3OTk5OTUwNjA4MzIyOjE2ODUxNjEwNjA6c3BfYXRmX25leHQ6MjAxNTYxNjU5ODk0OTg6OjA6Og&url=%2FSwiss-Military-Travel-Backpack-Hardshell%2Fdp%2FB0C3MG4MJG%2Fref%3Dsr_1_129_sspa%3Fcrid%3D2M096C61O4MLT%26keywords%3Dbags%26qid%3D1685161060%26sprefix%3Dba%252Caps%252C283%26sr%3D8-129-spons%26sp_csd%3Dd2lkZ2V0TmFtZT1zcF9hdGZfbmV4dA%26psc%3D1%26smid%3DA9XP90DC1X0F8,B012D4QKHW,Wildcraft,Computers & Accessories,
"Golden Wolf Laptop Bag Anti-theft Backpack with Lock College School Laptop Backpack with Rain Cover Water Resistant Business Backpack with USB Port for 15.6-inch Laptop Office Travel Bag for Men and Women Gifts, Dark Grey","1,946",,https://www.amazon.in/sspa/click?ie=UTF8&spc=MTo1NjI3OTk5OTUwNjA4MzIyOjE2ODUxNjEwNjA6c3BfYXRmX25leHQ6MjAxNDY1NDMwOTQ0OTg6OjA6Og&url=%2FHalf-Moon-Waterproof-Backpack-Students%2Fdp%2FB085MHDJ93%2Fref%3Dsr_1_130_sspa%3Fcrid%3D2M096C61O4MLT%26keywords%3Dbags%26qid%3D1685161060%26sprefix%3Dba%252Caps%252C283%26sr%3D8-130-spons%26sp_csd%3Dd2lkZ2V0TmFtZT1zcF9hdGZfbmV4dA%26psc%3D1,B07D8ZLTT9,ADISA,Computers & Accessories,High quality Anti-theft locks can better protect your items.
"Palay Waist Bag For Unisex With Adjustable Strap, Waterproof Fanny Pack Stylish Chest Bag Bum Bag With 4-Zipper Pockets For Travel Party Festival Running Hiking",584,,https://www.amazon.in/Backpack-Business-Scratch-resistant-Multiple-Comfortable/dp/B0B6FNPN76/ref=sr_1_131?crid=2M096C61O4MLT&keywords=bags&qid=1685161060&sprefix=ba%2Caps%2C283&sr=8-131,B09ZV9SLBJ,"VIP Industries Limited, DGP House, 88C, Old Prabhadevi Road, Prabhadevi, Mumbai 400025. India","Sports, Fitness & Outdoors",
Martucci 15.6 inch 30 L Casual Waterproof Laptop Backpack/Office Bag/School Bag/College Bag/Business Bag/Unisex Travel Backpack(Black),549,,https://www.amazon.in/HOT-SHOT-032-Preschool-Waterproof/dp/B0BRSKKZ1W/ref=sr_1_132?crid=2M096C61O4MLT&keywords=bags&qid=1685161060&sprefix=ba%2Caps%2C283&sr=8-132,B0BL3SPN16,Northzone,"Bags, Wallets and Luggage",
ADISA 15.6 inch Laptop Backpack Office Bag College Travel Back Pack 32 Ltrs (z-Black),499,,https://www.amazon.in/Mokobara-Backpack-Leather-Resistant-Laptop/dp/B0B7X81X69/ref=sr_1_133?crid=2M096C61O4MLT&keywords=bags&qid=1685161060&sprefix=ba%2Caps%2C283&sr=8-133,B0BVRJYD9Q,ADISA,Computers & Accessories,DESCRIPTION
Gear Moderneco5 21L Water Resistant School Bag/Backpack/College Bag For Men/Women - Navyblue,379,3.9,https://www.amazon.in/Purple-Tree-Multifunction-Waterproof-Compartment/dp/B0BKSXQBXX/ref=sr_1_134?crid=2M096C61O4MLT&keywords=bags&qid=1685161060&sprefix=ba%2Caps%2C283&sr=8-134,B0B69M182Q,Acefour Accessories Pvt. Ltd.,"Bags, Wallets and Luggage",
Half Moon Valex Unisex School Bag/Laptop Backpack/College Bagpack/Office Back Packed | Laptop Bag for Men & Women | School Bags for Boys & Girls with Small Pockets & Laptop Compartment,549,4.4,https://www.amazon.in/WALKENT-Waterproof-Identity-Anti-Theft-Expandable/dp/B0B65SCVRX/ref=sr_1_135?crid=2M096C61O4MLT&keywords=bags&qid=1685161060&sprefix=ba%2Caps%2C283&sr=8-135,B07GLHSB86,ADL International,Computers & Accessories,
Lenovo 15.6-inch Casual Laptop Briefcase T210,799,4.2,https://www.amazon.in/TRAWOC-Backpack-Trekking-Rucksack-Warranty/dp/B0847PGZZM/ref=sr_1_136?crid=2M096C61O4MLT&keywords=bags&qid=1685161060&sprefix=ba%2Caps%2C283&sr=8-136,B0BRJRVH6D,Martucci,Computers & Accessories,
"MOKOBARA Backpack 15.5"" Inch Laptop Backpack For Women (16 litres ) Improved (2022 - Model)","4,499",4.3,https://www.amazon.in/FATMUG-Laptop-Bag-Men-Convertible/dp/B084LFX8ZZ/ref=sr_1_137?crid=2M096C61O4MLT&keywords=bags&qid=1685161060&sprefix=ba%2Caps%2C283&sr=8-137,B0C2D2XC4H,Tabelito Trade India,Computers & Accessories,
Gear Classic 20L Faux Leather Water Resistant Anti Theft Laptop Bag/Backpack for Men/Women-Navy,990,4.4,https://www.amazon.in/CONTACTS-Backpack-Lighweight-Versatile-Charging/dp/B085WPWY1W/ref=sr_1_138?crid=2M096C61O4MLT&keywords=bags&qid=1685161060&sprefix=ba%2Caps%2C283&sr=8-138,B0BS6YGKMC,Lookmuster,Computers & Accessories,
"Tabelito® Casual Laptop Bag 15.6inch (39.6 cm) , 25 LTR Office College School Bags Business Travel Backpack for Men Women Water Resistant Bags(BLACK)",549,,https://www.amazon.in/sspa/click?ie=UTF8&spc=MTo1NjI3OTk5OTUwNjA4MzIyOjE2ODUxNjEwNjA6c3BfbXRmOjIwMTI0MzExMDI0ODk4OjowOjo&url=%2Fuppercase-Backpack-2300EBP1-resistant-sustainable%2Fdp%2FB0BWNCV31F%2Fref%3Dsr_1_139_sspa%3Fcrid%3D2M096C61O4MLT%26keywords%3Dbags%26qid%3D1685161060%26sprefix%3Dba%252Caps%252C283%26sr%3D8-139-spons%26sp_csd%3Dd2lkZ2V0TmFtZT1zcF9tdGY%26psc%3D1,B071XJ6XV5,Uber Fashion Merchandise Pvt. Ltd.,Computers & Accessories,"t TABELITO, we provide the highest quality backpacks with the most reasonable cost so every customer can find a backpack they actually love to carry. To create products that inspire people to get out and live passionate lives; exploring, creating, and living life in the moment."
TRUE HUMAN® 32 Ltr Laptop Backpack for Men and Women| USB Port Travel Backpack|College Bags for Girls & Boys (Blue),499,,https://www.amazon.in/sspa/click?ie=UTF8&spc=MTo1NjI3OTk5OTUwNjA4MzIyOjE2ODUxNjEwNjA6c3BfbXRmOjIwMTU2NTA1OTAzMDk4OjowOjo&url=%2FGear-Black-Laptop-Backpack-LBPASPIRE0104%2Fdp%2FB075MK4TXP%2Fref%3Dsr_1_140_sspa%3Fcrid%3D2M096C61O4MLT%26keywords%3Dbags%26qid%3D1685161060%26sprefix%3Dba%252Caps%252C283%26sr%3D8-140-spons%26sp_csd%3Dd2lkZ2V0TmFtZT1zcF9tdGY%26psc%3D1,B0BR9W54MW,,Computers & Accessories,"True human, a premium travel accessories brand, focusing on quality products that inspire people to explore and pursue fashion, high efficiency and unique lifestyle."
Priority ARC 56 cm Red Polyester 2 Wheel Duffle Trolley Bag | Travel Luggage for Men & Women,397,,https://www.amazon.in/Mokobara-Backpack-litre-Brown-laptop/dp/B095PC3QPV/ref=sr_1_141?crid=2M096C61O4MLT&keywords=bags&qid=1685161060&sprefix=ba%2Caps%2C283&sr=8-141,B09ZV9SLBJ,"VIP Industries Limited, DGP House, 88C, Old Prabhadevi Road, Prabhadevi, Mumbai 400025. India","Bags, Wallets and Luggage",
Amazon Basics 20 ltrs Casual/Travel/College Backpack for 15.6-inch Laptop | Water Resistant Fabric,459,,https://www.amazon.in/Hoteon-Backpack-Anti-Theft-Earphone-Resistant/dp/B08HM4TQZZ/ref=sr_1_142?crid=2M096C61O4MLT&keywords=bags&qid=1685161060&sprefix=ba%2Caps%2C283&sr=8-142,B097JMR4M6,Safari,Computers & Accessories,
Wildcraft Work Packs'18 21 Ltrs Black Laptop Backpack (Streak Plus),"1,549",,https://www.amazon.in/PALAY%C2%AE-Shoulder-4-Zipper-Pockets-Adjustable/dp/B08SWGFBNT/ref=sr_1_143?crid=2M096C61O4MLT&keywords=bags&qid=1685161060&sprefix=ba%2Caps%2C283&sr=8-143,B08HHD4T6W,High Spirit Commercial Ventures Pvt Ltd. Contact No.,Computers & Accessories,
"Vivinkaa Sling Bag for Women, Bags for Women, Sling Bag, Purse for Women, Sling Bag for Women Stylish, Sling Bag for Girls, Women Sling Bag, Bag for Girls - Indigo",549,3.8,https://www.amazon.in/Martucci-Casual-Travelling-Laptop-Backpack/dp/B088B4P6ZW/ref=sr_1_144?crid=2M096C61O4MLT&keywords=bags&qid=1685161060&sprefix=ba%2Caps%2C283&sr=8-144,B0BW9GWPYH,,Shoes & Handbags,
DZert Kids School Bag Soft Plush Backpacks Cartoon Boys Girls Baby (2-5 Years),239,,https://www.amazon.in/ADISA-Laptop-Backpack-College-z-Black/dp/B09TPY1G1W/ref=sr_1_145?crid=2M096C61O4MLT&keywords=bags&qid=1685161060&sprefix=ba%2Caps%2C283&sr=8-145,B0B6G58BYC,ah arctic hunter,"Bags, Wallets and Luggage",
Wildcraft Turnaround Polyester 14 inch 27 Ltrs Blue Laptop Bag (8903340000000),"1,797",4.3,https://www.amazon.in/Gear-Ltrs-Casual-Backpack-MDBKPECO50504/dp/B0757K36YV/ref=sr_1_146?crid=2M096C61O4MLT&keywords=bags&qid=1685161060&sprefix=ba%2Caps%2C283&sr=8-146,B0B24Z8KBV,"NISUN INC., B-201, Greenfield 4+, Vadodara, Gujarat-391410 Email",Computers & Accessories,
ASIAN Sling Bag for Women - Handmade Bags for Females - Jute and Indian Fabric Slings - Side Bags for Mobile Phones and Wallets (Black),224,,https://www.amazon.in/Half-Moon-Laptop-Bag-Compartment/dp/B0C1NZLF67/ref=sr_1_147?crid=2M096C61O4MLT&keywords=bags&qid=1685161060&sprefix=ba%2Caps%2C283&sr=8-147,B0BWNCV31F,Acefour Accessories Pvt. Ltd.,"Bags, Wallets and Luggage",
Lenovo 15.6-inch Casual Laptop Briefcase T210,799,4.2,https://www.amazon.in/Lenovo-Carrying-15-6-Inch-Toploader-GX40Q17229/dp/B075Y6Y9H5/ref=sr_1_148?crid=2M096C61O4MLT&keywords=bags&qid=1685161060&sprefix=ba%2Caps%2C283&sr=8-148,B0C3MHG797,"Swiss Military Consumer Goods Limited, W-39, Okhla Industrial Area, Delhi , Delhi - 110020",Computers & Accessories,
HEROZ Hacker 50 litres Nylon Travel Laptop Backpack Water Resistant Slim Durable Computer Book Bag Tracking Fits Up to 17.3-inch Laptop (058- All) (Grey & Red),"1,599",,https://www.amazon.in/sspa/click?ie=UTF8&spc=MTo1NjI3OTk5OTUwNjA4MzIyOjE2ODUxNjEwNjA6c3BfYnRmOjIwMTEwMTgxNTExMTk4OjowOjo&url=%2FMOKOBARA-TSBPK12CND22001-Backpack-Modern-Love%2Fdp%2FB08T1769X9%2Fref%3Dsr_1_149_sspa%3Fcrid%3D2M096C61O4MLT%26keywords%3Dbags%26qid%3D1685161060%26sprefix%3Dba%252Caps%252C283%26sr%3D8-149-spons%26sp_csd%3Dd2lkZ2V0TmFtZT1zcF9idGY%26psc%3D1,B0BRJRVH6D,Martucci,Computers & Accessories,
DZert Clasy Laptop Bag College Bag for Boys Girls 21 L Black,339,,https://www.amazon.in/sspa/click?ie=UTF8&spc=MTo1NjI3OTk5OTUwNjA4MzIyOjE2ODUxNjEwNjA6c3BfYnRmOjIwMTU2NTA1OTAzNDk4OjowOjo&url=%2FGear-Classic-Leather-Backpack-LBPCLSLTH0519%2Fdp%2FB07G4JQX2F%2Fref%3Dsr_1_150_sspa%3Fcrid%3D2M096C61O4MLT%26keywords%3Dbags%26qid%3D1685161060%26sprefix%3Dba%252Caps%252C283%26sr%3D8-150-spons%26sp_csd%3Dd2lkZ2V0TmFtZT1zcF9idGY%26psc%3D1,B085QX7J7R,Uber Fashion Merchandise Pvt. Ltd.,Computers & Accessories,
Beauty Girls-1518 Polyester Floral printed Designer Stylish Waterproof School/Collage/Picknic Bag-Backpack For Girls & Women (32 Lit),798,,https://www.amazon.in/Tabelito-Laptop-Backpack-15-6-inch-Repellent/dp/B08Y5S6C2P/ref=sr_1_145?crid=2M096C61O4MLT&keywords=bags&qid=1685161337&sprefix=ba%2Caps%2C283&sr=8-145,B0BR9W54MW,,"Bags, Wallets and Luggage",
"The Purple Tree Fatty Tote Bag For Women, Women Fatty Tote Bag, Handbag, Women Handbag, Women Bag, Handbag for Women, Women's Tote, Gift For Women A",599,,https://www.amazon.in/TRUE-HUMAN%C2%AE-Laptop-Backpack-College/dp/B0BKTQ48D5/ref=sr_1_146?crid=2M096C61O4MLT&keywords=bags&qid=1685161337&sprefix=ba%2Caps%2C283&sr=8-146,B095PFZLJR,,Shoes & Handbags,
"Amazon Brand - Solimo Laptop Backpack for 15.6-inch Laptops (27 litres, Black)",549,,https://www.amazon.in/Priority-ARC-Red-Polyester-Trolley/dp/B08HHD4T6W/ref=sr_1_147?crid=2M096C61O4MLT&keywords=bags&qid=1685161337&sprefix=ba%2Caps%2C283&sr=8-147,B08HHD4T6W,High Spirit Commercial Ventures Pvt Ltd. Contact No.,Computers & Accessories,
"Palay Waist Bag For Unisex With Adjustable Strap, Waterproof Fanny Pack Stylish Chest Bag Bum Bag With 4-Zipper Pockets For Travel Party Festival Running Hiking",584,,https://www.amazon.in/Amazon-Basics-Casual-Backpack-15-6-inch/dp/B09W4WJ1CB/ref=sr_1_148?crid=2M096C61O4MLT&keywords=bags&qid=1685161337&sprefix=ba%2Caps%2C283&sr=8-148,B012NW1H1I,Gear,"Sports, Fitness & Outdoors",
"Mi Step Out 12 L Mini Backpack (Small Size, Red, Water Repellant)",369,,https://www.amazon.in/Wildcraft-Packs18-Laptop-Backpack-Streak/dp/B07FC4D9B5/ref=sr_1_149?crid=2M096C61O4MLT&keywords=bags&qid=1685161337&sprefix=ba%2Caps%2C283&sr=8-149,B085MHDJ93,Amazing Bags,Computers & Accessories,
"FUR JADEN Travel Laptop Backpack, Business Backpacks with USB Charging Port, Water Resistant College School Computer Bag for Men & Women Fits Under 15.6 inch Laptop and Notebook","1,099",,https://www.amazon.in/Vivinkaa-Womens-Sling-Bag-Blue/dp/B077WSKG53/ref=sr_1_150?crid=2M096C61O4MLT&keywords=bags&qid=1685161337&sprefix=ba%2Caps%2C283&sr=8-150,B0C4PTT633,,Computers & Accessories,
"The Purple Tree Multifunction Waterproof Laptop Travel Backpack with Shoe Compartment, Shoulder Bag, 35 L Laptop Backpack with USB Charging, Flight Cabin Backpack, Antitheft Zipper Bag","2,499",,https://www.amazon.in/DZert-Fabric-Multicolour-Spiderman-Printed/dp/B07BNS3KNX/ref=sr_1_151?crid=2M096C61O4MLT&keywords=bags&qid=1685161337&sprefix=ba%2Caps%2C283&sr=8-151,B0B6G58BYC,ah arctic hunter,Computers & Accessories,
ASTRID Blue Diamond Textured Cotton Tote Bag,599,4.3,https://www.amazon.in/Wildcraft-Turnaround-Polyester-Laptop-8903340000000/dp/B012D4QWES/ref=sr_1_152?crid=2M096C61O4MLT&keywords=bags&qid=1685161337&sprefix=ba%2Caps%2C283&sr=8-152,B0BVRJYD9Q,ADISA,Shoes & Handbags,
"PAZZO Alto 40L Casual Backpack - 3 Compartment Travel Backpack, College|School Bag with 1 Year Warranty",849,4.0,https://www.amazon.in/ASIAN-Sling-Bag-women-Handmade/dp/B09SXRZ7FW/ref=sr_1_153?crid=2M096C61O4MLT&keywords=bags&qid=1685161337&sprefix=ba%2Caps%2C283&sr=8-153,B0B24Z8KBV,"NISUN INC., B-201, Greenfield 4+, Vadodara, Gujarat-391410 Email","Bags, Wallets and Luggage",
"Tabelito® NEO 3O L Water Resistant Laptop/College/Office/School/Travel/Business Bag, Unisex Backpack for Men Women Fits Up to 15.6 Inch Laptop Notebook.",398,5.0,https://www.amazon.in/Lenovo-Carrying-15-6-Inch-Toploader-GX40Q17229/dp/B075Y6Y9H5/ref=sr_1_154?crid=2M096C61O4MLT&keywords=bags&qid=1685161337&sprefix=ba%2Caps%2C283&sr=8-154,B07MDTVDQH,"Hindustan Foam, Kolkata 700039",Computers & Accessories,
Cosmus Vogue Casual Laptop Backpack with USB Charger Port 46cm 26 Litre Dark Grey College Bag,"1,328",,https://www.amazon.in/HEROZ-Backpack-Resistant-Computer-17-3-inch/dp/B083N53TWB/ref=sr_1_155?crid=2M096C61O4MLT&keywords=bags&qid=1685161337&sprefix=ba%2Caps%2C283&sr=8-155,B09MRY9BQ7,"SUMITSU APPAREL PVT. LTD, Plot No. 324, Phase IV, Sector 18, Gurugram, Haryana",Computers & Accessories,
Gear Turbo 45L Expandable Water Resistant Antitheft Laptop Bag/Backpack/Briefcase for Men/Women with RainCover (Grey),199.,4.4,https://www.amazon.in/DZert-Polyester-Black-White-Laptop/dp/B07H193V57/ref=sr_1_156?crid=2M096C61O4MLT&keywords=bags&qid=1685161337&sprefix=ba%2Caps%2C283&sr=8-156,B0BBQGW74Q,"Ajnara, F-446, 3Rd Floor, Sector-63, Noida, Gautam Buddha Nagar, Uttar Pradesh-201301",Computers & Accessories,
"TRUE HUMAN® Emperor Anti-Theft Pocket backpack With USB charging Port Laptop,office,college,travel bag for men and women(Epower)",649,,https://www.amazon.in/Girls-1518-Polyester-Designer-Waterproof-Bag-Backpack/dp/B08F9QYRZB/ref=sr_1_157?crid=2M096C61O4MLT&keywords=bags&qid=1685161337&sprefix=ba%2Caps%2C283&sr=8-157,B08T1769X9,Designed By Mokobara Lifestyle Private Limited,Computers & Accessories,"To create products that inspire people to get out and live passionate lives; exploring, creating, and living life in the moment!.Our range of laptop bags and sleeves are ergonomically designed to feature convenience, comfort, protection and ease to carry your electronic gadgets. True human, a premium travel accessories brand, focusing on quality products that inspire people to explore and pursue fashion, high efficiency and unique lifestyle."
"Amazon Basics - Laptop Backpack/College Bag/Travel Bag for 15.6-inch Laptop, Water-Resistant, Casual","1,669",,https://www.amazon.in/Purple-Tree-Fatty-Handbag-Womens/dp/B09PQNK66Z/ref=sr_1_158?crid=2M096C61O4MLT&keywords=bags&qid=1685161337&sprefix=ba%2Caps%2C283&sr=8-158,B0B7FHWY4M,STRABO,Computers & Accessories,
Wildcraft 44 cms Polyester Black Laptop Bag (8903338054290),"1,589",,https://www.amazon.in/Amazon-Brand-Backpack-15-6-inch-Laptops/dp/B076QFBFRG/ref=sr_1_159?crid=2M096C61O4MLT&keywords=bags&qid=1685161337&sprefix=ba%2Caps%2C283&sr=8-159,B012NW0J30,Gear Merchandise PVT LTD,Computers & Accessories,
ADISA Light Weight Laptop Backpack 32 Ltrs,499,4.0,https://www.amazon.in/PALAY%C2%AE-Shoulder-4-Zipper-Pockets-Adjustable/dp/B08SWGFBNT/ref=sr_1_160?crid=2M096C61O4MLT&keywords=bags&qid=1685161337&sprefix=ba%2Caps%2C283&sr=8-160,B0BRJRVH6D,Martucci,Computers & Accessories,
Skybags Unisex Grey Jacqard 34L Laptop Bags,"1,149",,https://www.amazon.in/Step-Backpack-Small-Water-Repellant/dp/B088XG77KN/ref=sr_1_161?crid=2M096C61O4MLT&keywords=bags&qid=1685161502&sprefix=ba%2Caps%2C283&sr=8-161,B097JM98M1,Safari,Computers & Accessories,
NORTH ZONE Lightweight school bags Backpacks for Boys Girls Stylish men and women Casual Travel Laptop Bag College office,568,,https://www.amazon.in/Backpack-Business-Backpacks-Charging-Resistant/dp/B094DGXXR5/ref=sr_1_162?crid=2M096C61O4MLT&keywords=bags&qid=1685161502&sprefix=ba%2Caps%2C283&sr=8-162,B0BW9GWPYH,,Computers & Accessories,
ADISA 32L Large Laptop Backpack Office Bag College Travel Back Pack with rain Cover (Navy),599,,https://www.amazon.in/Purple-Tree-Multifunction-Waterproof-Compartment/dp/B0BKSXQBXX/ref=sr_1_163?crid=2M096C61O4MLT&keywords=bags&qid=1685161502&sprefix=ba%2Caps%2C283&sr=8-163,B07GLHSB86,ADL International,Computers & Accessories,
"uppercase Medium 17 Ltrs Vegan Leather (upto 14 inch) Laptop Backpack 2300EBP1 3x more water resistant sustainable bags with rain proof zippers for Men, Women, Boys and Girls, 750 Days warranty","1,600",,https://www.amazon.in/ASTRID-Blue-Diamond-Textured-Cotton/dp/B08W5DQ33D/ref=sr_1_164?crid=2M096C61O4MLT&keywords=bags&qid=1685161502&sprefix=ba%2Caps%2C283&sr=8-164,B084Q4N84P,Torero Corporation Pvt Ltd,Computers & Accessories,
WildHorn Leather 8.5 inch Sling Messenger Bag for Men I Multipurpose Crossbody Bag I Travel Bag with Adjustable Strap I DIMENSION: L- 8.5inch H- 10.5inch W- 3inch,"1,999",,https://www.amazon.in/PAZZO-Alto-40L-Casual-Backpack/dp/B07VT3F795/ref=sr_1_165?crid=2M096C61O4MLT&keywords=bags&qid=1685161502&sprefix=ba%2Caps%2C283&sr=8-165,B085QX7J7R,Uber Fashion Merchandise Pvt. Ltd.,Fashion,
Martucci Jersey 45L Casual Waterproof Laptop Backpack/Office Bag/School Bag/College Bag/Business Bag/Unisex Travel Backpack,809,3.7,https://www.amazon.in/Tabelito-NEO-Backpack-Business-Compartment/dp/B0C2D2XC4H/ref=sr_1_166?crid=2M096C61O4MLT&keywords=bags&qid=1685161502&sprefix=ba%2Caps%2C283&sr=8-166,B0BHX7GY16,Amazing Bags,Computers & Accessories,
"Tabelito® NEO 3O L Water Resistant Laptop/College/Office/School/Travel/Business Bag, Unisex Backpack for Men Women Fits Up to 15.6 Inch Laptop Notebook.",398,,https://www.amazon.in/Cosmus-Casual-Backpack-Charger-College/dp/B08D7DTWLF/ref=sr_1_167?crid=2M096C61O4MLT&keywords=bags&qid=1685161502&sprefix=ba%2Caps%2C283&sr=8-167,B08FX1R6WY,Uber Fashion Merchandise Pvt Ltd,Computers & Accessories,
LOOKMUSTER Casual Waterproof Laptop Backpack/Office Bag/School Bag/College Bag/Business Bag/Travel Backpack…,598,,https://www.amazon.in/Gear-Expandable-RainCover-Grey-Black-TLPTURBO00401/dp/B097KDRZ67/ref=sr_1_168?crid=2M096C61O4MLT&keywords=bags&qid=1685161502&sprefix=ba%2Caps%2C283&sr=8-168,B07GNCRCP4,Protecta Inc,Computers & Accessories,
F Gear Tycoon 27 Liters Laptop Backpack Sch Bag(Black),"1,149",,https://www.amazon.in/TRUE-Anti-Theft-backpack-charging-Epower_B/dp/B0BYBDX8VP/ref=sr_1_169?crid=2M096C61O4MLT&keywords=bags&qid=1685161502&sprefix=ba%2Caps%2C283&sr=8-169,B07GCLJTZF,DAHSHA Enterprise,Computers & Accessories,
"Nishi Medium Kids Backpack Waterproof Backpack, Girls & Women Stylish Trendy College, School & College Bag Black",369,3.3,https://www.amazon.in/Amazon-Basics-Professional-Backpack-15-inch-Laptop/dp/B09W4WB3K5/ref=sr_1_170?crid=2M096C61O4MLT&keywords=bags&qid=1685161502&sprefix=ba%2Caps%2C283&sr=8-170,B09688CSCZ,Half_Moon (AB Amazing Bags),"Bags, Wallets and Luggage",
Skybags Unisex Grey Jacqard 34L Laptop Bags,"1,149",,https://www.amazon.in/Wildcraft-Polyester-Black-Laptop-8903338054290/dp/B012D4QKHW/ref=sr_1_171?crid=2M096C61O4MLT&keywords=bags&qid=1685161502&sprefix=ba%2Caps%2C283&sr=8-171,B0C2J3DQTF,Fur Jaden,Computers & Accessories,
"Gizga Essentials Travel Toiletry Kit Bag for Men & Women, Travel Organizer Case with Handle & Hook, Premium Zipper, Multiple Pockets, Multi-Utility Pouch for Shaving Makeup Cosmetics, Light Grey",413,,https://www.amazon.in/ADISA-BP005-Weight-Casual-Backpack/dp/B07D8ZLTT9/ref=sr_1_172?crid=2M096C61O4MLT&keywords=bags&qid=1685161502&sprefix=ba%2Caps%2C283&sr=8-172,B09688CSCZ,Half_Moon (AB Amazing Bags),"Bags, Wallets and Luggage",
"Hammonds Flycatcher Genuine Leather Laptop Bag for Men/Office Bag for Men, Brown | Fits Upto 16 Inch Laptop/MacBook | Leather Bag with Shoulder Straps | Laptop Messenger Bag/Leather Bag for Men","2,899",,https://www.amazon.in/Skybags-Unisex-Grey-Jacqard-Laptop/dp/B09ZV9SLBJ/ref=sr_1_173?crid=2M096C61O4MLT&keywords=bags&qid=1685161502&sprefix=ba%2Caps%2C283&sr=8-173,B0C3XG81XS,,Computers & Accessories,
"Safari Seek 32 Ltrs Overnighter Travel Laptop Backpack (Black), Water Resistant Spacious Bag for Travelling and Camping, All-Purpose Bag for Business & Leisure","1,949",,https://www.amazon.in/NORTH-ZONE-Lightweight-Backpacks-Stylish/dp/B0BL3SPN16/ref=sr_1_174?crid=2M096C61O4MLT&keywords=bags&qid=1685161502&sprefix=ba%2Caps%2C283&sr=8-174,B07P9JFYZ5,Frantic,Computers & Accessories,
Priority ARC 56 cm Red Polyester 2 Wheel Duffle Trolley Bag | Travel Luggage for Men & Women,397,,https://www.amazon.in/ADISA-Laptop-Backpack-Office-College/dp/B0BVRJYD9Q/ref=sr_1_175?crid=2M096C61O4MLT&keywords=bags&qid=1685161502&sprefix=ba%2Caps%2C283&sr=8-175,B084Q4N84P,Torero Corporation Pvt Ltd,"Bags, Wallets and Luggage",
30 L Waterproof Laptop/College/School/Office Bag Backpack for Men Women Boys Girls with Rain Cover (Navy_Blue),499,5.0,https://www.amazon.in/uppercase-Backpack-2300EBP1-repellent-sustainable/dp/B0B69M182Q/ref=sr_1_176?crid=2M096C61O4MLT&keywords=bags&qid=1685161502&sprefix=ba%2Caps%2C283&sr=8-176,B0BTJ2T26W,Gear Merchandise Pvt Ltd,Computers & Accessories,
"ah arctic hunter Laptop Bag,Messenger Bags For Men And Women Laptop Sling Bag With Handle Water-resistant Laptop Briefcase For 15.6 Inch Laptop Multiple Pockets Travel Office For Men.Black","2,849",4.5,https://www.amazon.in/WildHorn-Genuine-Leather-Messenger-8-5inch/dp/B07GLHSB86/ref=sr_1_177?crid=2M096C61O4MLT&keywords=bags&qid=1685161650&sprefix=ba%2Caps%2C283&sr=8-177,B0862LXJYT,Uber Fashion Merchandise Pvt. Ltd.,Computers & Accessories,"To create products that inspire people to get out and live passionate lives; exploring, creating, and living life in the moment!"
HEROZ Harbour Unisex Nylon 28 L Travel Laptop Backpack Water Resistant Slim Durable Fits Up to 15.6 Inch Laptop Notebook (153-ALL) (Air Force Blue),841,,https://www.amazon.in/Martucci-Waterproof-Backpack-College-Business/dp/B0BRJRVH6D/ref=sr_1_178?crid=2M096C61O4MLT&keywords=bags&qid=1685161650&sprefix=ba%2Caps%2C283&sr=8-178,B09BMG8R6Y,THE HUTCH ENTERPRISES,Computers & Accessories,
"Walkent Waterproof 15.6 inch Laptop Bag 39L (Model Identity, Black) 180° Openable, Anti-Theft, External USB, Expandable for Office, Home, College, Men Women","2,990",,https://www.amazon.in/Tabelito-NEO-Backpack-Business-Compartment/dp/B0C2D2XC4H/ref=sr_1_179?crid=2M096C61O4MLT&keywords=bags&qid=1685161650&sprefix=ba%2Caps%2C283&sr=8-179,B0BXXZY25R,,Computers & Accessories,
"Storite Nylon 40 Cm Imported Travel Duffle Bag, Expandable Folding Travel Bag for Women, Lightweight Waterproof Carry Weekender Overnight Luggage Bag for Travel (Pink, 40 x 23 x 45 Cm)",998,,https://www.amazon.in/LOOKMUSTER-Waterproof-Backpack-College-Business/dp/B0BS6YGKMC/ref=sr_1_180?crid=2M096C61O4MLT&keywords=bags&qid=1685161650&sprefix=ba%2Caps%2C283&sr=8-180,B083KW31YD,Bagzone Lifestyle Pvt Ltd,"Bags, Wallets and Luggage",
"uppercase Medium 17 Ltrs Vegan Leather (upto 14 inch) Laptop Backpack 2300EBP1 3x more water resistant sustainable bags with rain proof zippers for Men, Women, Boys and Girls, 750 Days warranty","1,600",,https://www.amazon.in/F-Gear-Tycoon-Laptop-Backpack/dp/B071XJ6XV5/ref=sr_1_181?crid=2M096C61O4MLT&keywords=bags&qid=1685161650&sprefix=ba%2Caps%2C283&sr=8-181,B08TVL3MWJ,Derben Clove,Computers & Accessories,
"Swiss Military Hard Shell Travel Backpack UFO, Alien Series Dimond Cut ABS Hardshell upto 15.6 Inch Laptop","3,899",,https://www.amazon.in/Nishi-Backpack-Waterproof-Stylish-College/dp/B0BR9W54MW/ref=sr_1_182?crid=2M096C61O4MLT&keywords=bags&qid=1685161650&sprefix=ba%2Caps%2C283&sr=8-182,B07GCLJTZF,DAHSHA Enterprise,Computers & Accessories,
Martucci Jersey 45L Casual Waterproof Laptop Backpack/Office Bag/School Bag/College Bag/Business Bag/Unisex Travel Backpack,809,,https://www.amazon.in/Skybags-Unisex-Grey-Jacqard-Laptop/dp/B09ZV9SLBJ/ref=sr_1_183?crid=2M096C61O4MLT&keywords=bags&qid=1685161650&sprefix=ba%2Caps%2C283&sr=8-183,B0C2J3DQTF,Fur Jaden,Computers & Accessories,
F Gear Burner Art Lthr Black 22 Ltrs Laptop Backpack (3344),752,4.2,https://www.amazon.in/Gizga-Essentials-Organizer-Multi-Utility-Cosmetics/dp/B09WVRKYCJ/ref=sr_1_184?crid=2M096C61O4MLT&keywords=bags&qid=1685161650&sprefix=ba%2Caps%2C283&sr=8-184,B09ZV9SLBJ,"VIP Industries Limited, DGP House, 88C, Old Prabhadevi Road, Prabhadevi, Mumbai 400025. India",Computers & Accessories,
"Nishi Medium Kids Backpack Waterproof Backpack, Girls & Women Stylish Trendy College, School & College Bag Black",369,,https://www.amazon.in/Hammonds-Flycatcher-Brown-Mens-Laptop/dp/B01LYDRI9V/ref=sr_1_185?crid=2M096C61O4MLT&keywords=bags&qid=1685161650&sprefix=ba%2Caps%2C283&sr=8-185,B0795WK59N,ADL International,"Bags, Wallets and Luggage",
Contacts 15 inch Everyday Laptop Versatile Backpack with USB Charging Port | Multi functional Bagpack (Grey)…,999,,https://www.amazon.in/CONTACTS-Backpack-Lighweight-Versatile-Charging/dp/B085WPWY1W/ref=sr_1_97?crid=2M096C61O4MLT&keywords=bags&qid=1685124643&sprefix=ba%2Caps%2C283&sr=8-97,B084NZFNGS,ah arctic hunter,Computers & Accessories,
Bennett™ Mystic Unisex Adult Men's Laptop Bag 15.6 inch Side Shoulder Briefcase Satchel Messenger Business Bags for Men & Women Front Pocket for Laptop Accessories - Black (6 Month Warranty),512,,https://www.amazon.in/BennettTM-Shoulder-Messenger-Repellent-Charcoal/dp/B09CV24TMK/ref=sr_1_98?crid=2M096C61O4MLT&keywords=bags&qid=1685124643&sprefix=ba%2Caps%2C283&sr=8-98,B08X2KRL8B,POLESTAR,Computers & Accessories,
"Golden Wolf Laptop Bag Anti-theft Backpack with Lock College School Laptop Backpack with Rain Cover Water Resistant Business Backpack with USB Port for 15.6-inch Laptop Office Travel Bag for Men and Women Gifts, Dark Grey","1,946",,https://www.amazon.in/Hoteon-Backpack-Anti-Theft-Earphone-Resistant/dp/B08HM4TQZZ/ref=sr_1_99?crid=2M096C61O4MLT&keywords=bags&qid=1685124643&sprefix=ba%2Caps%2C283&sr=8-99,B0855F8174,Bagneeds,Computers & Accessories,High quality Anti-theft locks can better protect your items.
Tabelito® Casual 15.6 Inch (39.6 cm) Water Repellent Laptop Backpack Office College School Business Travel Bag Suitable for Men Women Boys & Girls Capacity 25 Litre (Grey),549,,https://www.amazon.in/Tabelito-Laptop-Backpack-15-6-inch-Repellent/dp/B08Y3L4PHK/ref=sr_1_100?crid=2M096C61O4MLT&keywords=bags&qid=1685124643&sprefix=ba%2Caps%2C283&sr=8-100,B09H7PK5ML,1,Computers & Accessories,"t TABELITO, we provide the highest quality backpacks with the most reasonable cost so every customer can find a backpack they actually love to carry. To create products that inspire people to get out and live passionate lives; exploring, creating, and living life in the moment."
POLICE Polyester 35 Ltr Laptop Big Low Spec Laptop Backpack - Black/Navy,"1,569",3.3,https://www.amazon.in/Police-Polyester-Laptop-Spec-Backpack/dp/B07ZB8NWTZ/ref=sr_1_101?crid=2M096C61O4MLT&keywords=bags&qid=1685124643&sprefix=ba%2Caps%2C283&sr=8-101,B08SW9RJ75,Bagzone Lifestyle Pvt Ltd,Computers & Accessories,
"Nivia 5227 Pulse Junior Bag, Others (Orange) (Sky Blue)",294,,https://www.amazon.in/Nivia-5227-Pulse-Junior-Others/dp/B08D7QG33Z/ref=sr_1_102?crid=2M096C61O4MLT&keywords=bags&qid=1685124643&sprefix=ba%2Caps%2C283&sr=8-102,B079DV66TY,Wildcraft,"Bags, Wallets and Luggage",
Wesley Milestone 15.6 inch 25 L Casual Waterproof Laptop Backpack/Office Bag/School Bag/College Bag/Business Bag/Unisex Travel Backpack (Black),497,,https://www.amazon.in/Wesley-Milestone-Waterproof-Backpack-Business/dp/B07NJRPJ6Q/ref=sr_1_83?crid=2M096C61O4MLT&keywords=bags&qid=1685124353&sprefix=ba%2Caps%2C283&sr=8-83,B09B26MB5M,Safari Industries,Computers & Accessories,
NORTH ZONE Lightweight school bags Backpacks for Boys Girls Stylish men and women Casual Travel Laptop Bag College office,568,3.9,https://www.amazon.in/NORTH-ZONE-Lightweight-Backpacks-Stylish/dp/B0BL3SPN16/ref=sr_1_84?crid=2M096C61O4MLT&keywords=bags&qid=1685124353&sprefix=ba%2Caps%2C283&sr=8-84,B07YY1PJ3H,Bagzone Lifestyle Pvt Ltd,Computers & Accessories,